video_id,title,channel,handle,subs_at_fetch,views_as_fetched,views_num,published_as_fetched,length,group,rank,file,fetch_date
49_Ph2q6uIM,What Did Ancient Humans Actually Do All Day?,Ink Explainer,Inkexplainer96,106K subscribers,9.7M views,9700000,1 month ago,11:13,top,1,thumbs/Inkexplainer96/top1_49_Ph2q6uIM.jpg,2026-09-30
SD7XyG2wd1k,What Did Ancient Humans Do When It Rained All Week?,Ink Explainer,Inkexplainer96,106K subscribers,1.5M views,1500000,2 months ago,11:37,top,2,thumbs/Inkexplainer96/top2_SD7XyG2wd1k.jpg,2026-09-30
OCr6NteWSQ8,Why Are We the Only Human Species Left? What happened to others...,Ink Explainer,Inkexplainer96,106K subscribers,1.2M views,1200000,3 months ago,8:06,top,3,thumbs/Inkexplainer96/top3_OCr6NteWSQ8.jpg,2026-09-30
9AFO6MHy8y4,When Did Ancient Humans Start Drinking Alcohol?,Ink Explainer,Inkexplainer96,106K subscribers,886K views,886000,4 months ago,6:04,top,4,thumbs/Inkexplainer96/top4_9AFO6MHy8y4.jpg,2026-09-30
QP1maS6hYn4,How Did Ancient Humans Travel the World?,Ink Explainer,Inkexplainer96,106K subscribers,801K views,801000,3 months ago,9:23,top,5,thumbs/Inkexplainer96/top5_QP1maS6hYn4.jpg,2026-09-30
dp3jYZXKOos,The Disturbing Ways Ancient Humans Survived Winter,Ink Explainer,Inkexplainer96,106K subscribers,756K views,756000,2 months ago,11:31,top,6,thumbs/Inkexplainer96/top6_dp3jYZXKOos.jpg,2026-09-30
ulWFk_L2Ips,what is The IKEA Effect.,Ink Explainer,Inkexplainer96,106K subscribers,15K,15000,5mo ago,4:09,weak_recent,1,thumbs/Inkexplainer96/weak1_ulWFk_L2Ips.jpg,2026-09-30
6TzPQ0046lw,What did Early Humans do when they got Sick,Ink Explainer,Inkexplainer96,106K subscribers,37K,37000,4mo ago,8:03,weak_recent,2,thumbs/Inkexplainer96/weak2_6TzPQ0046lw.jpg,2026-09-30
0WtFuiHn2-g,How Did Human Accidentally Invented Guns?,Ink Explainer,Inkexplainer96,106K subscribers,42K,42000,2mo ago,12:48,weak_recent,3,thumbs/Inkexplainer96/weak3_0WtFuiHn2-g.jpg,2026-09-30
nv7HuwnofW0,How Ancient Humans Actually Created Dogs?,Explain In Paint,ExplainInPaint1,79.9K subscribers,935K views,935000,3 months ago,20:21,top,1,thumbs/ExplainInPaint1/top1_nv7HuwnofW0.jpg,2026-09-30
VnjolbkfJwo,How Did Ancient Humans Keep Kids Alive?,Explain In Paint,ExplainInPaint1,79.9K subscribers,837K views,837000,3 months ago,22:00,top,2,thumbs/ExplainInPaint1/top2_VnjolbkfJwo.jpg,2026-09-30
HuDU3ZLMCnA,Why Can’t You Remember Falling Asleep?,Explain In Paint,ExplainInPaint1,79.9K subscribers,724K views,724000,3 months ago,23:10,top,3,thumbs/ExplainInPaint1/top3_HuDU3ZLMCnA.jpg,2026-09-30
Q3_htAFS7wg,How Ancient Humans Survived Brutal Winters?,Explain In Paint,ExplainInPaint1,79.9K subscribers,398K views,398000,3 months ago,20:07,top,4,thumbs/ExplainInPaint1/top4_Q3_htAFS7wg.jpg,2026-09-30
tOq3EC6bxBQ,When Did Ancient Humans Start Taking Drugs?,Explain In Paint,ExplainInPaint1,79.9K subscribers,390K views,390000,3 months ago,24:05,top,5,thumbs/ExplainInPaint1/top5_tOq3EC6bxBQ.jpg,2026-09-30
2Z-pKKLhQi8,Why Can’t We Cure Cancer Yet?,Explain In Paint,ExplainInPaint1,79.9K subscribers,370K views,370000,2 months ago,21:49,top,6,thumbs/ExplainInPaint1/top6_2Z-pKKLhQi8.jpg,2026-09-30
n9HAAFBT3AA,What Dying on Every Planet Would Be Like,The Paint Explainer,ThePaintExplainer,2M subscribers,12M views,12000000,1 year ago,8:16,top,1,thumbs/ThePaintExplainer/top1_n9HAAFBT3AA.jpg,2026-09-30
HuCZ6-A5gcY,The Worst Punishments in History,The Paint Explainer,ThePaintExplainer,2M subscribers,9M views,9000000,1 year ago,12:46,top,2,thumbs/ThePaintExplainer/top2_HuCZ6-A5gcY.jpg,2026-09-30
hDYQlhSQKsw,The Scariest Urban Legends That Turned Out to Be True,The Paint Explainer,ThePaintExplainer,2M subscribers,8.7M views,8700000,1 year ago,10:10,top,3,thumbs/ThePaintExplainer/top3_hDYQlhSQKsw.jpg,2026-09-30
41i2XIV8mCI,Every Major Human Mistake That Changed History Forever,The Paint Explainer,ThePaintExplainer,2M subscribers,7.8M views,7800000,1 year ago,20:16,top,4,thumbs/ThePaintExplainer/top4_41i2XIV8mCI.jpg,2026-09-30
_HGD5t1FbyM,Every Level of Hell Explained in 12 Minutes (Dante's Inferno),The Paint Explainer,ThePaintExplainer,2M subscribers,7.2M views,7200000,2 years ago,11:51,top,5,thumbs/ThePaintExplainer/top5__HGD5t1FbyM.jpg,2026-09-30
_T73DugW_D8,The Worst Cave Deaths Ever,The Paint Explainer,ThePaintExplainer,2M subscribers,6.8M views,6800000,1 year ago,8:14,top,6,thumbs/ThePaintExplainer/top6__T73DugW_D8.jpg,2026-09-30
0Ms82OrNaF4,The Craziest Ways History's Deadliest Warriors Died,The Paint Explainer,ThePaintExplainer,2M subscribers,97K,97000,1mo ago,12:37,weak_recent,1,thumbs/ThePaintExplainer/weak1_0Ms82OrNaF4.jpg,2026-09-30
xRAbRBMjgzM,"The 5 Times The World Ended, Explained in Just 10 Minutes",The Paint Explainer,ThePaintExplainer,2M subscribers,187K,187000,2mo ago,10:03,weak_recent,2,thumbs/ThePaintExplainer/weak2_xRAbRBMjgzM.jpg,2026-09-30
S-wZdUahm0E,Every Major Gap in History We Still Don't Understand,The Paint Explainer,ThePaintExplainer,2M subscribers,243K,243000,2mo ago,13:45,weak_recent,3,thumbs/ThePaintExplainer/weak3_S-wZdUahm0E.jpg,2026-09-30
xa-4IAR_9Yw,Casually Explained: Is She Into You?,Casually Explained,CasuallyExplained,4.21M subscribers,22M views,22000000,10 years ago,2:31,top,1,thumbs/CasuallyExplained/top1_xa-4IAR_9Yw.jpg,2026-09-30
JANApS0P4z8,Casually Explained: Levels of Wealth,Casually Explained,CasuallyExplained,4.21M subscribers,13M views,13000000,8 years ago,4:38,top,2,thumbs/CasuallyExplained/top2_JANApS0P4z8.jpg,2026-09-30
F2JJ4N2uXuc,Casually Explained: Red Flags,Casually Explained,CasuallyExplained,4.21M subscribers,11M views,11000000,9 years ago,5:00,top,3,thumbs/CasuallyExplained/top3_F2JJ4N2uXuc.jpg,2026-09-30
uan3Aj0bHKc,Casually Explained: Being Healthy,Casually Explained,CasuallyExplained,4.21M subscribers,11M views,11000000,7 years ago,7:41,top,4,thumbs/CasuallyExplained/top4_uan3Aj0bHKc.jpg,2026-09-30
9_RxaeN0FGw,Casually Explained: The English Language,Casually Explained,CasuallyExplained,4.21M subscribers,10M views,10000000,6 years ago,5:18,top,5,thumbs/CasuallyExplained/top5_9_RxaeN0FGw.jpg,2026-09-30
KyQyz2upSgY,Casually Explained: Men's Fashion,Casually Explained,CasuallyExplained,4.21M subscribers,9.8M views,9800000,8 years ago,6:28,top,6,thumbs/CasuallyExplained/top6_KyQyz2upSgY.jpg,2026-09-30
5xMXep-lpdM,Casually Explained: Christmas,Casually Explained,CasuallyExplained,4.21M subscribers,700K,700000,9mo ago,7:06,weak_recent,1,thumbs/CasuallyExplained/weak1_5xMXep-lpdM.jpg,2026-09-30
NbEfcVIlpg4,Casually Explained: Sports II,Casually Explained,CasuallyExplained,4.21M subscribers,824K,824000,10mo ago,9:34,weak_recent,2,thumbs/CasuallyExplained/weak2_NbEfcVIlpg4.jpg,2026-09-30
JFUxmWPHIeM,Casually Explained: The Boys vs The Girls,Casually Explained,CasuallyExplained,4.21M subscribers,1M,1000000,3mo ago,8:53,weak_recent,3,thumbs/CasuallyExplained/weak3_JFUxmWPHIeM.jpg,2026-09-30
0zMSMJZc9EA,Historical Misconceptions For You to Bring Up during Family Dinner,Sam O'Nella Academy,SamONellaAcademy,4.81M subscribers,23M views,23000000,8 years ago,5:45,top,1,thumbs/SamONellaAcademy/top1_0zMSMJZc9EA.jpg,2026-09-30
nYHDj2sB-rc,"Tarrare, the Hungriest Man in History",Sam O'Nella Academy,SamONellaAcademy,4.81M subscribers,20M views,20000000,8 years ago,7:49,top,2,thumbs/SamONellaAcademy/top2_nYHDj2sB-rc.jpg,2026-09-30
ORmUUhh6O-8,Why It Sucked to Be a Pirate,Sam O'Nella Academy,SamONellaAcademy,4.81M subscribers,19M views,19000000,10 years ago,5:02,top,3,thumbs/SamONellaAcademy/top3_ORmUUhh6O-8.jpg,2026-09-30
MGVraepNj04,The Presidential Assassination Nobody Talks About,Sam O'Nella Academy,SamONellaAcademy,4.81M subscribers,19M views,19000000,6 years ago,11:59,top,4,thumbs/SamONellaAcademy/top4_MGVraepNj04.jpg,2026-09-30
K_NRBkJtNAI,Obscure Obsolete Inventions,Sam O'Nella Academy,SamONellaAcademy,4.81M subscribers,19M views,19000000,7 years ago,6:56,top,5,thumbs/SamONellaAcademy/top5_K_NRBkJtNAI.jpg,2026-09-30
rZizVUKe4sQ,Why Produce Used to Suck,Sam O'Nella Academy,SamONellaAcademy,4.81M subscribers,17M views,17000000,8 years ago,7:33,top,6,thumbs/SamONellaAcademy/top6_rZizVUKe4sQ.jpg,2026-09-30
owMQZX862Ms,I wrote a book.,Sam O'Nella Academy,SamONellaAcademy,4.81M subscribers,2.2M,2200000,7mo ago,12:35,weak_recent,1,thumbs/SamONellaAcademy/weak1_owMQZX862Ms.jpg,2026-09-30
_kgTL-Z9sBU,Pliny Explains it All 2: MAN (The Historia Naturalis Abridged),Sam O'Nella Academy,SamONellaAcademy,4.81M subscribers,3.1M,3100000,1mo ago,22:57,weak_recent,2,thumbs/SamONellaAcademy/weak2__kgTL-Z9sBU.jpg,2026-09-30
FJwMDVrg8WU,Presidential Pets: a Brief History,Sam O'Nella Academy,SamONellaAcademy,4.81M subscribers,5.9M,5900000,2y ago,7:23,weak_recent,3,thumbs/SamONellaAcademy/weak3_FJwMDVrg8WU.jpg,2026-09-30
_uk_6vfqwTA,WW2 - OverSimplified (Part 1),OverSimplified,OverSimplified,9.64M subscribers,105M views,105000000,8 years ago,13:46,top,1,thumbs/OverSimplified/top1__uk_6vfqwTA.jpg,2026-09-30
I79TpDe3t2g,The Cold War - OverSimplified (Part 1),OverSimplified,OverSimplified,9.64M subscribers,74M views,74000000,7 years ago,16:04,top,2,thumbs/OverSimplified/top2_I79TpDe3t2g.jpg,2026-09-30
tsxmyL7TUJg,The American Civil War - OverSimplified (Part 1),OverSimplified,OverSimplified,9.64M subscribers,71M views,71000000,6 years ago,29:53,top,3,thumbs/OverSimplified/top3_tsxmyL7TUJg.jpg,2026-09-30
fo2Rb9h788s,WW2 - OverSimplified (Part 2),OverSimplified,OverSimplified,9.64M subscribers,67M views,67000000,8 years ago,15:35,top,4,thumbs/OverSimplified/top4_fo2Rb9h788s.jpg,2026-09-30
zqllxbPWKNI,The Napoleonic Wars  - OverSimplified (Part 1),OverSimplified,OverSimplified,9.64M subscribers,67M views,67000000,5 years ago,29:42,top,5,thumbs/OverSimplified/top5_zqllxbPWKNI.jpg,2026-09-30
gzALIXcY4pg,The American Revolution  - OverSimplified (Part 1),OverSimplified,OverSimplified,9.64M subscribers,63M views,63000000,8 years ago,15:08,top,6,thumbs/OverSimplified/top6_gzALIXcY4pg.jpg,2026-09-30
1BVJzaXv3rk,The Second Punic War  - OverSimplified (Part 3),OverSimplified,OverSimplified,9.64M subscribers,20M,20000000,1y ago,49:06,weak_recent,1,thumbs/OverSimplified/weak1_1BVJzaXv3rk.jpg,2026-09-30
Q-nWA0WeF98,The Second Punic War - OverSimplified (Part 2),OverSimplified,OverSimplified,9.64M subscribers,20M,20000000,2y ago,37:37,weak_recent,2,thumbs/OverSimplified/weak2_Q-nWA0WeF98.jpg,2026-09-30
lsbcN9-jU1Y,The Second Punic War - OverSimplified (Part 1),OverSimplified,OverSimplified,9.64M subscribers,20M,20000000,2y ago,28:15,weak_recent,3,thumbs/OverSimplified/weak3_lsbcN9-jU1Y.jpg,2026-09-30
fD-R35DSSZY,The Longest Year in Human History (46 B.C.E.),Historia Civilis,HistoriaCivilis,1.09M subscribers,7.3M views,7300000,7 years ago,27:13,top,1,thumbs/HistoriaCivilis/top1_fD-R35DSSZY.jpg,2026-09-30
aq4G-7v-_xI,The Bronze Age Collapse (approximately 1200 B.C.E.),Historia Civilis,HistoriaCivilis,1.09M subscribers,5.4M views,5400000,6 years ago,23:52,top,2,thumbs/HistoriaCivilis/top2_aq4G-7v-_xI.jpg,2026-09-30
9XBxMk_plhA,"The Assassination of Julius Caesar (The Ides of March, 44 B.C.E.)",Historia Civilis,HistoriaCivilis,1.09M subscribers,4.6M views,4600000,6 years ago,32:41,top,3,thumbs/HistoriaCivilis/top3_9XBxMk_plhA.jpg,2026-09-30
SYxN134gb-8,Caesar Crosses the Rubicon (52 to 49 B.C.E.),Historia Civilis,HistoriaCivilis,1.09M subscribers,3.8M views,3800000,8 years ago,26:18,top,4,thumbs/HistoriaCivilis/top4_SYxN134gb-8.jpg,2026-09-30
LOCBWh5Iwm4,Caesar in Britain (55 B.C.E.),Historia Civilis,HistoriaCivilis,1.09M subscribers,3.7M views,3700000,9 years ago,21:45,top,5,thumbs/HistoriaCivilis/top5_LOCBWh5Iwm4.jpg,2026-09-30
3iz1_UwD2Fw,Roman Battle Tactics,Historia Civilis,HistoriaCivilis,1.09M subscribers,3.6M views,3600000,11 years ago,11:44,top,6,thumbs/HistoriaCivilis/top6_3iz1_UwD2Fw.jpg,2026-09-30
872JcpP3FEM,The City.,Historia Civilis,HistoriaCivilis,1.09M subscribers,692K,692000,5mo ago,33:49,weak_recent,1,thumbs/HistoriaCivilis/weak1_872JcpP3FEM.jpg,2026-09-30
h6E4_Bcmscg,Reform or Revolution? (1830 to 1832),Historia Civilis,HistoriaCivilis,1.09M subscribers,872K,872000,1y ago,57:31,weak_recent,2,thumbs/HistoriaCivilis/weak2_h6E4_Bcmscg.jpg,2026-09-30
EezHXh-UG-c,The Death of Antony & Cleopatra (30 B.C.E.),Historia Civilis,HistoriaCivilis,1.09M subscribers,1.2M,1200000,3y ago,26:08,weak_recent,3,thumbs/HistoriaCivilis/weak3_EezHXh-UG-c.jpg,2026-09-30
iHzzSao6ypE,Traffic Has a Perfect Solution. Humans Are the Problem.,CGP Grey,CGPGrey,7.04M subscribers,44M views,44000000,10 years ago,4:30,top,1,thumbs/CGPGrey/top1_iHzzSao6ypE.jpg,2026-09-30
oAHbLRjF0vo,The Fastest Way to Board a Plane Feels Like the Slowest,CGP Grey,CGPGrey,7.04M subscribers,37M views,37000000,7 years ago,8:28,top,2,thumbs/CGPGrey/top2_oAHbLRjF0vo.jpg,2026-09-30
qMkYlIA7mgw,"The US-Canada Border Is 5,500 Miles of Pure Nonsense",CGP Grey,CGPGrey,7.04M subscribers,37M views,37000000,13 years ago,4:42,top,3,thumbs/CGPGrey/top3_qMkYlIA7mgw.jpg,2026-09-30
kF8I_r9XT7A,You Can Never Become Pope,CGP Grey,CGPGrey,7.04M subscribers,33M views,33000000,13 years ago,5:09,top,4,thumbs/CGPGrey/top4_kF8I_r9XT7A.jpg,2026-09-30
wOmjnioNulo,"Zebras Look Like Horses. Inside, They're Nothing Alike.",CGP Grey,CGPGrey,7.04M subscribers,26M views,26000000,10 years ago,6:23,top,5,thumbs/CGPGrey/top5_wOmjnioNulo.jpg,2026-09-30
rStL7niR7gs,Try to Rule Fairly and You'll Be Overthrown,CGP Grey,CGPGrey,7.04M subscribers,25M views,25000000,9 years ago,18:13,top,6,thumbs/CGPGrey/top6_rStL7niR7gs.jpg,2026-09-30
lk4lBV5wgGM,Which Sidekick Notepad Is For You?,CGP Grey,CGPGrey,7.04M subscribers,425K,425000,1y ago,3:11,weak_recent,1,thumbs/CGPGrey/weak1_lk4lBV5wgGM.jpg,2026-09-30
xJmVuW8atO8,Watch CGP Grey Interact With Real Humans,CGP Grey,CGPGrey,7.04M subscribers,684K,684000,5y ago,3:28,weak_recent,2,thumbs/CGPGrey/weak2_xJmVuW8atO8.jpg,2026-09-30
z_7N8MFRJkc,Why I Still Use Paper,CGP Grey,CGPGrey,7.04M subscribers,979K,979000,2y ago,3:59,weak_recent,3,thumbs/CGPGrey/weak3_z_7N8MFRJkc.jpg,2026-09-30
3IaYhG11ckA,Why Do We Have More Boys Than Girls?,MinuteEarth,MinuteEarth,3.33M subscribers,9.4M views,9400000,12 years ago,2:34,top,1,thumbs/MinuteEarth/top1_3IaYhG11ckA.jpg,2026-09-30
8a3r-cG8Wic,Why Do Rivers Curve?,MinuteEarth,MinuteEarth,3.33M subscribers,9.3M views,9300000,11 years ago,2:39,top,2,thumbs/MinuteEarth/top2_8a3r-cG8Wic.jpg,2026-09-30
_LpgBvEPozk,Where Did Earth's Water Come From?,MinuteEarth,MinuteEarth,3.33M subscribers,8.3M views,8300000,12 years ago,2:33,top,3,thumbs/MinuteEarth/top3__LpgBvEPozk.jpg,2026-09-30
mOSpRzW2i_4,Why is it Hot Underground?,MinuteEarth,MinuteEarth,3.33M subscribers,7.9M views,7900000,12 years ago,2:47,top,4,thumbs/MinuteEarth/top4_mOSpRzW2i_4.jpg,2026-09-30
Ao0dqJvH4a0,Why Do Bats Carry So Many Diseases? (like Coronavirus),MinuteEarth,MinuteEarth,3.33M subscribers,7.5M views,7500000,12 years ago,3:04,top,5,thumbs/MinuteEarth/top5_Ao0dqJvH4a0.jpg,2026-09-30
uKP3lc9SOaA,Why There Are No King Bees,MinuteEarth,MinuteEarth,3.33M subscribers,6.9M views,6900000,2 years ago,4:22,top,6,thumbs/MinuteEarth/top6_uKP3lc9SOaA.jpg,2026-09-30
Iuj-Ha3u074,The Heaviest Part of a Forest Is NOT What You Think,MinuteEarth,MinuteEarth,3.33M subscribers,120K,120000,1mo ago,4:12,weak_recent,1,thumbs/MinuteEarth/weak1_Iuj-Ha3u074.jpg,2026-09-30
5PJ2UxStIO8,MinuteEarth Explains: Microbes,MinuteEarth,MinuteEarth,3.33M subscribers,130K,130000,2mo ago,29:36,weak_recent,2,thumbs/MinuteEarth/weak2_5PJ2UxStIO8.jpg,2026-09-30
f91p64gOFF0,Could This Thing *Really* Fly?,MinuteEarth,MinuteEarth,3.33M subscribers,132K,132000,6mo ago,4:26,weak_recent,3,thumbs/MinuteEarth/weak3_f91p64gOFF0.jpg,2026-09-30
jSMZoLjB9JE,Passing A Portal Through Itself,minutephysics,minutephysics,5.98M subscribers,14M views,14000000,4 years ago,4:05,top,1,thumbs/minutephysics/top1_jSMZoLjB9JE.jpg,2026-09-30
9eKc5kgPVrA,Immovable Object vs. Unstoppable Force - Which Wins?,minutephysics,minutephysics,5.98M subscribers,13M views,13000000,13 years ago,3:35,top,2,thumbs/minutephysics/top2_9eKc5kgPVrA.jpg,2026-09-30
d3zTfXvYZ9s,Time Travel in Fiction Rundown,minutephysics,minutephysics,5.98M subscribers,11M views,11000000,8 years ago,8:05,top,3,thumbs/minutephysics/top3_d3zTfXvYZ9s.jpg,2026-09-30
jN-FfJKgis8,What if the Earth were Hollow?,minutephysics,minutephysics,5.98M subscribers,10M views,10000000,14 years ago,3:59,top,4,thumbs/minutephysics/top4_jN-FfJKgis8.jpg,2026-09-30
Ywn2Lz5zmYg,The True Science of Parallel Universes,minutephysics,minutephysics,5.98M subscribers,10M views,10000000,13 years ago,4:56,top,5,thumbs/minutephysics/top5_Ywn2Lz5zmYg.jpg,2026-09-30
OydqR_7_DjI,How to See Without Glasses,minutephysics,minutephysics,5.98M subscribers,10M views,10000000,12 years ago,2:34,top,6,thumbs/minutephysics/top6_OydqR_7_DjI.jpg,2026-09-30
WIu38oWkCTc,Antimatter in Sci-Fi Rundown,minutephysics,minutephysics,5.98M subscribers,184K,184000,1y ago,10:01,weak_recent,1,thumbs/minutephysics/weak1_WIu38oWkCTc.jpg,2026-09-30
OEQeSrXy-YA,Why Some Rainbows Turn White,minutephysics,minutephysics,5.98M subscribers,186K,186000,11mo ago,4:17,weak_recent,2,thumbs/minutephysics/weak2_OEQeSrXy-YA.jpg,2026-09-30
kzfXBenNxeA,The REAL Reason Asteroids Aren't Planets,minutephysics,minutephysics,5.98M subscribers,210K,210000,8mo ago,4:23,weak_recent,3,thumbs/minutephysics/weak3_kzfXBenNxeA.jpg,2026-09-30
BtN-goy9VOY,The Coronavirus Explained & What You Should Do,Kurzgesagt – In a Nutshell,kurzgesagt,25.6M subscribers,89M views,89000000,6 years ago,8:35,top,1,thumbs/kurzgesagt/top1_BtN-goy9VOY.jpg,2026-09-30
zQGOcOUBi6s,The Immune System Explained I – Bacteria Infection,Kurzgesagt – In a Nutshell,kurzgesagt,25.6M subscribers,54M views,54000000,12 years ago,7:49,top,2,thumbs/kurzgesagt/top2_zQGOcOUBi6s.jpg,2026-09-30
9tbxDgcv74c,What If You Detonated a Nuclear Bomb In The Marianas Trench? (Science not Fantasy),Kurzgesagt – In a Nutshell,kurzgesagt,25.6M subscribers,36M views,36000000,8 years ago,6:03,top,3,thumbs/kurzgesagt/top3_9tbxDgcv74c.jpg,2026-09-30
h6fcK_fRYaI,The Egg - A Short Story,Kurzgesagt – In a Nutshell,kurzgesagt,25.6M subscribers,36M views,36000000,7 years ago,8:06,top,4,thumbs/kurzgesagt/top4_h6fcK_fRYaI.jpg,2026-09-30
3mnSDifDSxQ,The Largest Star in the Universe – Size Comparison,Kurzgesagt – In a Nutshell,kurzgesagt,25.6M subscribers,35M views,35000000,6 years ago,11:59,top,5,thumbs/kurzgesagt/top5_3mnSDifDSxQ.jpg,2026-09-30
sNhhvQGsMEc,The Fermi Paradox — Where Are All The Aliens? (1/2),Kurzgesagt – In a Nutshell,kurzgesagt,25.6M subscribers,35M views,35000000,11 years ago,6:21,top,6,thumbs/kurzgesagt/top6_sNhhvQGsMEc.jpg,2026-09-30
D0WQK7cMJn8,We Made A New Channel!,Kurzgesagt – In a Nutshell,kurzgesagt,25.6M subscribers,2.2M,2200000,8mo ago,3:03,weak_recent,1,thumbs/kurzgesagt/weak1_D0WQK7cMJn8.jpg,2026-09-30
dl0-TveDDGA,Our Minds Are Weirder than You Think,Kurzgesagt – In a Nutshell,kurzgesagt,25.6M subscribers,2.7M,2700000,5mo ago,12:22,weak_recent,2,thumbs/kurzgesagt/weak2_dl0-TveDDGA.jpg,2026-09-30
PqtggjVAi8M,How Are Memories Stored Inside Your Brain?,Kurzgesagt – In a Nutshell,kurzgesagt,25.6M subscribers,3.1M,3100000,3mo ago,13:56,weak_recent,3,thumbs/kurzgesagt/weak3_PqtggjVAi8M.jpg,2026-09-30
N5vJSNXPEwA,Can you solve the prisoner hat riddle? - Alex Gendler,TED-Ed,TEDEd,22.9M subscribers,37M views,37000000,10 years ago,4:35,top,1,thumbs/TEDEd/top1_N5vJSNXPEwA.jpg,2026-09-30
7SWvDHvWXok,Questions No One Knows the Answers to (Full Version),TED-Ed,TEDEd,22.9M subscribers,29M views,29000000,14 years ago,12:08,top,2,thumbs/TEDEd/top2_7SWvDHvWXok.jpg,2026-09-30
xKxrkht7CpY,How do solar panels work? - Richard Komp,TED-Ed,TEDEd,22.9M subscribers,26M views,26000000,10 years ago,4:59,top,3,thumbs/TEDEd/top3_xKxrkht7CpY.jpg,2026-09-30
z-IR48Mb3W0,What is depression? - Helen M. Farrell,TED-Ed,TEDEd,22.9M subscribers,26M views,26000000,10 years ago,4:29,top,4,thumbs/TEDEd/top4_z-IR48Mb3W0.jpg,2026-09-30
Uj3_KqkI9Zo,The Infinite Hotel Paradox - Jeff Dekofsky,TED-Ed,TEDEd,22.9M subscribers,25M views,25000000,12 years ago,6:00,top,5,thumbs/TEDEd/top5_Uj3_KqkI9Zo.jpg,2026-09-30
7yDmGnA8Hw0,Can you solve the bridge riddle? - Alex Gendler,TED-Ed,TEDEd,22.9M subscribers,24M views,24000000,11 years ago,3:50,top,6,thumbs/TEDEd/top6_7yDmGnA8Hw0.jpg,2026-09-30
5jPCAlE0z7I,The magical forest realm hiding at the bottom of the ocean - Luka Seamus Wright and Salomé Buglass,TED-Ed,TEDEd,22.9M subscribers,141K,141000,2mo ago,5:51,weak_recent,1,thumbs/TEDEd/weak1_5jPCAlE0z7I.jpg,2026-09-30
6hCo4S_1Fhw,Why avalanches are most deadly when they stop - Simon Trautman,TED-Ed,TEDEd,22.9M subscribers,214K,214000,3mo ago,5:34,weak_recent,2,thumbs/TEDEd/weak2_6hCo4S_1Fhw.jpg,2026-09-30
l29K-ZkARmE,"The tragedy of Cassandra, the princess who predicted the fall of Troy - Iseult Gillespie",TED-Ed,TEDEd,22.9M subscribers,217K,217000,1mo ago,4:40,weak_recent,3,thumbs/TEDEd/weak3_l29K-ZkARmE.jpg,2026-09-30
CAb_bCtKuXg,Life is Fun - Ft. Boyinaband (Official Music Video),TheOdd1sOut,theodd1sout,20.8M subscribers,184M views,184000000,8 years ago,4:01,top,1,thumbs/theodd1sout/top1_CAb_bCtKuXg.jpg,2026-09-30
2yFCyPX3kT0,Annoying Customers,TheOdd1sOut,theodd1sout,20.8M subscribers,118M views,118000000,10 years ago,6:48,top,2,thumbs/theodd1sout/top2_2yFCyPX3kT0.jpg,2026-09-30
rvUzuK0ygI4,Tabletop Games,TheOdd1sOut,theodd1sout,20.8M subscribers,109M views,109000000,7 years ago,8:08,top,3,thumbs/theodd1sout/top3_rvUzuK0ygI4.jpg,2026-09-30
pO4DV5KZClk,Wrong Numbers,TheOdd1sOut,theodd1sout,20.8M subscribers,107M views,107000000,8 years ago,8:27,top,4,thumbs/theodd1sout/top4_pO4DV5KZClk.jpg,2026-09-30
ntHMsyr3R6w,My Thoughts on Roommates,TheOdd1sOut,theodd1sout,20.8M subscribers,104M views,104000000,10 years ago,6:26,top,5,thumbs/theodd1sout/top5_ntHMsyr3R6w.jpg,2026-09-30
E-fakvMntAk,The Spiders and the Bees,TheOdd1sOut,theodd1sout,20.8M subscribers,103M views,103000000,7 years ago,8:04,top,6,thumbs/theodd1sout/top6_E-fakvMntAk.jpg,2026-09-30
Lo-PFoUhBZk,Why I STILL Love Comics,TheOdd1sOut,theodd1sout,20.8M subscribers,1.4M,1400000,3mo ago,5:54,weak_recent,1,thumbs/theodd1sout/weak1_Lo-PFoUhBZk.jpg,2026-09-30
LtvsdBm0xbs,My Thoughts On Cleaning,TheOdd1sOut,theodd1sout,20.8M subscribers,3.1M,3100000,4mo ago,9:02,weak_recent,2,thumbs/theodd1sout/weak2_LtvsdBm0xbs.jpg,2026-09-30
ppH2tdpwUGY,YouTube has Changed (me),TheOdd1sOut,theodd1sout,20.8M subscribers,3.8M,3800000,3w ago,15:12,weak_recent,3,thumbs/theodd1sout/weak3_ppH2tdpwUGY.jpg,2026-09-30
plSyrHqUh78,I Attempted my First Pokemon Nuzlocke,JaidenAnimations,JaidenAnimations,15.3M subscribers,100M views,100000000,6 years ago,17:50,top,1,thumbs/JaidenAnimations/top1_plSyrHqUh78.jpg,2026-09-30
ejys3sT2LHw,I Attempted a Pokemon Platinum Nuzlocke,JaidenAnimations,JaidenAnimations,15.3M subscribers,66M views,66000000,5 years ago,22:44,top,2,thumbs/JaidenAnimations/top2_ejys3sT2LHw.jpg,2026-09-30
jJNgocrAbKA,The best pokemon game you never played,JaidenAnimations,JaidenAnimations,15.3M subscribers,46M views,46000000,6 years ago,14:51,top,3,thumbs/JaidenAnimations/top3_jJNgocrAbKA.jpg,2026-09-30
8OnWeYuLboA,Living with Ari,JaidenAnimations,JaidenAnimations,15.3M subscribers,45M views,45000000,8 years ago,10:38,top,4,thumbs/JaidenAnimations/top4_8OnWeYuLboA.jpg,2026-09-30
6E94j0Goo8A,My Childhood Obsession with Animals,JaidenAnimations,JaidenAnimations,15.3M subscribers,45M views,45000000,7 years ago,8:29,top,5,thumbs/JaidenAnimations/top5_6E94j0Goo8A.jpg,2026-09-30
e5dir37rPok,The History of my Hair,JaidenAnimations,JaidenAnimations,15.3M subscribers,44M views,44000000,6 years ago,7:03,top,6,thumbs/JaidenAnimations/top6_e5dir37rPok.jpg,2026-09-30
qyP8arCDJk8,They put me in a video game...,JaidenAnimations,JaidenAnimations,15.3M subscribers,4.5M,4500000,2y ago,5:02,weak_recent,1,thumbs/JaidenAnimations/weak1_qyP8arCDJk8.jpg,2026-09-30
8gKJ9mMPuIQ,How I ended up Vegetarian.,JaidenAnimations,JaidenAnimations,15.3M subscribers,5.7M,5700000,4mo ago,17:06,weak_recent,2,thumbs/JaidenAnimations/weak2_8gKJ9mMPuIQ.jpg,2026-09-30
pFr9k378yiM,I went to the Pokemon Cafe!,JaidenAnimations,JaidenAnimations,15.3M subscribers,6.7M,6700000,1y ago,7:41,weak_recent,3,thumbs/JaidenAnimations/weak3_pFr9k378yiM.jpg,2026-09-30
X1PQs0Yxauo,I Turn a Stainless Steel Bolt into a Beautiful little Hunting Knife,Bobby Duke Arts,BobbyDukeArts,4.58M subscribers,99M views,99000000,8 years ago,5:57,top,1,thumbs/BobbyDukeArts/top1_X1PQs0Yxauo.jpg,2026-09-30
qpMnSO43MvQ,I Turn a Large Rusty Nail into a Beautiful little Sword,Bobby Duke Arts,BobbyDukeArts,4.58M subscribers,54M views,54000000,6 years ago,9:32,top,2,thumbs/BobbyDukeArts/top2_qpMnSO43MvQ.jpg,2026-09-30
1oku3sKgE-E,"I Make Maui's Hook For Real, And It GLOWS IN THE DARK! Disney's Moana",Bobby Duke Arts,BobbyDukeArts,4.58M subscribers,19M views,19000000,9 years ago,3:29,top,3,thumbs/BobbyDukeArts/top3_1oku3sKgE-E.jpg,2026-09-30
16a1LttU5qc,I carve a pencil from a pencil from a pencil,Bobby Duke Arts,BobbyDukeArts,4.58M subscribers,18M views,18000000,8 years ago,6:13,top,4,thumbs/BobbyDukeArts/top4_16a1LttU5qc.jpg,2026-09-30
VvrRDcpgm5o,I Turn A Bolt And Brass Key Into Another Little Hunting Knife (but this ones better),Bobby Duke Arts,BobbyDukeArts,4.58M subscribers,14M views,14000000,8 years ago,9:22,top,5,thumbs/BobbyDukeArts/top5_VvrRDcpgm5o.jpg,2026-09-30
O5au9HWjKFM,I Turn An Old Hamster Into Stormbreaker From Infinity War!,Bobby Duke Arts,BobbyDukeArts,4.58M subscribers,12M views,12000000,8 years ago,14:27,top,6,thumbs/BobbyDukeArts/top6_O5au9HWjKFM.jpg,2026-09-30
IdeMXT6FIMk,Epic Australian Island Survival and Art Challenge,Bobby Duke Arts,BobbyDukeArts,4.58M subscribers,122K,122000,4mo ago,48:31,weak_recent,1,thumbs/BobbyDukeArts/weak1_IdeMXT6FIMk.jpg,2026-09-30
b9Hgy1XVC_I,I had my Daughters rate my Hairstyles,Bobby Duke Arts,BobbyDukeArts,4.58M subscribers,145K,145000,11mo ago,19:12,weak_recent,2,thumbs/BobbyDukeArts/weak2_b9Hgy1XVC_I.jpg,2026-09-30
kiQg34_DESc,Making a Miniature SWORD & SHEILD from ONE Railroad Spike (feat. JAZZA),Bobby Duke Arts,BobbyDukeArts,4.58M subscribers,266K,266000,2mo ago,26:48,weak_recent,3,thumbs/BobbyDukeArts/weak3_kiQg34_DESc.jpg,2026-09-30
eNGgfPs0Xp8,Crushes,Domics,Domics,7.16M subscribers,35M views,35000000,10 years ago,7:27,top,1,thumbs/Domics/top1_eNGgfPs0Xp8.jpg,2026-09-30
Qmkn59N5SDg,Butts,Domics,Domics,7.16M subscribers,22M views,22000000,12 years ago,2:49,top,2,thumbs/Domics/top2_Qmkn59N5SDg.jpg,2026-09-30
EU-eQpCqBXQ,Buying Used Things,Domics,Domics,7.16M subscribers,22M views,22000000,8 years ago,7:35,top,3,thumbs/Domics/top3_EU-eQpCqBXQ.jpg,2026-09-30
Rk011so6MUc,Asian Food,Domics,Domics,7.16M subscribers,18M views,18000000,11 years ago,2:45,top,4,thumbs/Domics/top4_Rk011so6MUc.jpg,2026-09-30
lHdUFJCkAfQ,Growing Up Asian,Domics,Domics,7.16M subscribers,17M views,17000000,8 years ago,14:03,top,5,thumbs/Domics/top5_lHdUFJCkAfQ.jpg,2026-09-30
5MexiC6Vz58,Best Friend Zone,Domics,Domics,7.16M subscribers,16M views,16000000,12 years ago,7:06,top,6,thumbs/Domics/top6_5MexiC6Vz58.jpg,2026-09-30
8uyrt6KWb-I,Jealousy ft. @BITHAPI @Ringo Tsuga,Domics,Domics,7.16M subscribers,423K,423000,6mo ago,12:02,weak_recent,1,thumbs/Domics/weak1_8uyrt6KWb-I.jpg,2026-09-30
Yi3n60XOisk,I can't do Scribble Showdown (in America...also Emirichu is subbing in),Domics,Domics,7.16M subscribers,472K,472000,4y ago,4:20,weak_recent,2,thumbs/Domics/weak2_Yi3n60XOisk.jpg,2026-09-30
ED32jgxnw8I,Gossip,Domics,Domics,7.16M subscribers,593K,593000,9mo ago,9:01,weak_recent,3,thumbs/Domics/weak3_ED32jgxnw8I.jpg,2026-09-30
Spo4tzzKuD0,The Story of Travis the Chimp | A Short Documentary | Fascinating Horror,Fascinating Horror,FascinatingHorror,1.46M subscribers,5.6M views,5600000,6 years ago,9:51,top,1,thumbs/FascinatingHorror/top1_Spo4tzzKuD0.jpg,2026-09-30
EPaBRegvkuQ,The Sunshine Skyway Bridge Disaster | A Short Documentary | Fascinating Horror,Fascinating Horror,FascinatingHorror,1.46M subscribers,4.6M views,4600000,3 years ago,10:53,top,2,thumbs/FascinatingHorror/top2_EPaBRegvkuQ.jpg,2026-09-30
AY9pkJ8cDS0,The Story of Action Park | A Short Documentary | Fascinating Horror,Fascinating Horror,FascinatingHorror,1.46M subscribers,4.5M views,4500000,6 years ago,13:36,top,3,thumbs/FascinatingHorror/top3_AY9pkJ8cDS0.jpg,2026-09-30
x1t0pzX6VzQ,A History of Falls Into The Grand Canyon | A Short Documentary | Fascinating Horror,Fascinating Horror,FascinatingHorror,1.46M subscribers,4.4M views,4400000,5 years ago,12:46,top,4,thumbs/FascinatingHorror/top4_x1t0pzX6VzQ.jpg,2026-09-30
jWwPg8ruxfI,The Nutty Putty Caves | A Short Documentary | Fascinating Horror,Fascinating Horror,FascinatingHorror,1.46M subscribers,4.1M views,4099999,6 years ago,11:20,top,5,thumbs/FascinatingHorror/top5_jWwPg8ruxfI.jpg,2026-09-30
v2h4vw9cYP8,The Los Alfaques Disaster | A Short Documentary | Fascinating Horror,Fascinating Horror,FascinatingHorror,1.46M subscribers,3.4M views,3400000,5 years ago,10:06,top,6,thumbs/FascinatingHorror/top6_v2h4vw9cYP8.jpg,2026-09-30
FTkmRF_TYRQ,COMPILATION: Fascinating Horror Shorts 31 - 60 | Fascinating Horror,Fascinating Horror,FascinatingHorror,1.46M subscribers,74K,74000,4mo ago,26:45,weak_recent,1,thumbs/FascinatingHorror/weak1_FTkmRF_TYRQ.jpg,2026-09-30
I2u23NjkUbY,Distracted By The Scenery? The 1986 Grand Canyon Crash | Fascinating Horror,Fascinating Horror,FascinatingHorror,1.46M subscribers,284K,284000,4mo ago,10:50,weak_recent,2,thumbs/FascinatingHorror/weak2_I2u23NjkUbY.jpg,2026-09-30
4LicmTggLfQ,The Rust Movie Set Accident | Fascinating Horror,Fascinating Horror,FascinatingHorror,1.46M subscribers,289K,289000,1mo ago,13:20,weak_recent,3,thumbs/FascinatingHorror/weak3_4LicmTggLfQ.jpg,2026-09-30
zvBiIvKUiOQ,Sniper Decoys: Dummy Heads,Simple History,SimpleHistory,5.11M subscribers,23M views,23000000,7 years ago,3:51,top,1,thumbs/SimpleHistory/top1_zvBiIvKUiOQ.jpg,2026-09-30
GGPxesCB8ns,Schwerer Gustav  - Rail Super Gun (Behemoth),Simple History,SimpleHistory,5.11M subscribers,16M views,16000000,8 years ago,3:28,top,2,thumbs/SimpleHistory/top2_GGPxesCB8ns.jpg,2026-09-30
b8AggbAVSNQ,The Medic Who fought a War without a Weapon,Simple History,SimpleHistory,5.11M subscribers,14M views,14000000,7 years ago,15:33,top,3,thumbs/SimpleHistory/top3_b8AggbAVSNQ.jpg,2026-09-30
jgGp7Zvz5QA,How Long did a Person Stay Alive after being Guillotined?,Simple History,SimpleHistory,5.11M subscribers,11M views,11000000,6 years ago,6:49,top,4,thumbs/SimpleHistory/top4_jgGp7Zvz5QA.jpg,2026-09-30
0B2w0abQazg,The Green Beret who went on a one man Rampage to save his Comrades,Simple History,SimpleHistory,5.11M subscribers,10M views,10000000,7 years ago,10:27,top,5,thumbs/SimpleHistory/top5_0B2w0abQazg.jpg,2026-09-30
Xifl_sz8i6k,Punishments in the Congo Free State under Leopold II,Simple History,SimpleHistory,5.11M subscribers,10M views,10000000,4 years ago,10:23,top,6,thumbs/SimpleHistory/top6_Xifl_sz8i6k.jpg,2026-09-30
8f-leS-S8uA,Happy 250th Birthday to the USA!,Simple History,SimpleHistory,5.11M subscribers,33K,33000,2mo ago,2:16:27,weak_recent,1,thumbs/SimpleHistory/weak1_8f-leS-S8uA.jpg,2026-09-30
sW8ZEn4Ce2Y,Life inside M1 Abrams Cross Section,Simple History,SimpleHistory,5.11M subscribers,64K,64000,2mo ago,10:08,weak_recent,2,thumbs/SimpleHistory/weak2_sW8ZEn4Ce2Y.jpg,2026-09-30
ZLQ1WPGHcXg,Life inside a Bob Semple Tank Cross Section,Simple History,SimpleHistory,5.11M subscribers,78K,78000,3mo ago,10:54,weak_recent,3,thumbs/SimpleHistory/weak3_ZLQ1WPGHcXg.jpg,2026-09-30
dDMQ3tXNKgM,Superman - The Golden Age of Animation,kaptainkristian,KaptainKristian,570K subscribers,1.8M views,1800000,10 years ago,7:47,top,1,thumbs/KaptainKristian/top1_dDMQ3tXNKgM.jpg,2026-09-30
Pkup4zo97E0,Adult Swim - The History of a Television Empire,kaptainkristian,KaptainKristian,570K subscribers,1.8M views,1800000,10 years ago,8:08,top,2,thumbs/KaptainKristian/top2_Pkup4zo97E0.jpg,2026-09-30
QChWIFi8fOY,David Fincher - Invisible Details,kaptainkristian,KaptainKristian,570K subscribers,1.7M views,1700000,9 years ago,7:47,top,3,thumbs/KaptainKristian/top3_QChWIFi8fOY.jpg,2026-09-30
5oltd-Jsi2I,Watchmen - Adapting The Unadaptable,kaptainkristian,KaptainKristian,570K subscribers,1.4M views,1400000,10 years ago,7:28,top,4,thumbs/KaptainKristian/top4_5oltd-Jsi2I.jpg,2026-09-30
Ws82rXrjBOI,Gorillaz - Deconstructing Genre,kaptainkristian,KaptainKristian,570K subscribers,1.3M views,1300000,10 years ago,5:44,top,5,thumbs/KaptainKristian/top5_Ws82rXrjBOI.jpg,2026-09-30
yceGT6lrn1Y,Futurama - The Science of Comedy,kaptainkristian,KaptainKristian,570K subscribers,1.3M views,1300000,10 years ago,5:42,top,6,thumbs/KaptainKristian/top6_yceGT6lrn1Y.jpg,2026-09-30
b6b_uVA1ZSo,Van Gogh - Beauty in Suffering,kaptainkristian,KaptainKristian,570K subscribers,31K,31000,1y ago,6:13,weak_recent,1,thumbs/KaptainKristian/weak1_b6b_uVA1ZSo.jpg,2026-09-30
01BrRGEzPaQ,When Tarantino Learned To Shut Up,kaptainkristian,KaptainKristian,570K subscribers,64K,64000,1y ago,10:38,weak_recent,2,thumbs/KaptainKristian/weak2_01BrRGEzPaQ.jpg,2026-09-30
4O9RY2n-ckg,100 Years of History in 100 Films,kaptainkristian,KaptainKristian,570K subscribers,73K,73000,1y ago,13:01,weak_recent,3,thumbs/KaptainKristian/weak3_4O9RY2n-ckg.jpg,2026-09-30
_1VoMLwb_oA,What Happened When Kamikaze Pilots Failed or Wimped Out? (Short Animated Documentary),History Matters,HistoryMatters,1.92M subscribers,10M views,10000000,6 years ago,3:24,top,1,thumbs/HistoryMatters/top1__1VoMLwb_oA.jpg,2026-09-30
H5K4tq-9osc,Why does Russia Own Kaliningrad/ Königsberg? (Short Animated Documentary),History Matters,HistoryMatters,1.92M subscribers,6.8M views,6800000,7 years ago,4:00,top,2,thumbs/HistoryMatters/top2_H5K4tq-9osc.jpg,2026-09-30
uYiEXwti1_U,Why didn't Mao Conquer Taiwan? (Short Animated Documentary),History Matters,HistoryMatters,1.92M subscribers,6.7M views,6700000,6 years ago,3:31,top,3,thumbs/HistoryMatters/top3_uYiEXwti1_U.jpg,2026-09-30
k17KlonUDOM,Why did France Leave NATO? (Short Animated Documentary),History Matters,HistoryMatters,1.92M subscribers,6.6M views,6600000,5 years ago,3:04,top,4,thumbs/HistoryMatters/top4_k17KlonUDOM.jpg,2026-09-30
F1rzd3eG7ps,Why don't Countries Formally Declare War Anymore? (Short Animated Documentary),History Matters,HistoryMatters,1.92M subscribers,6.5M views,6500000,6 years ago,3:55,top,5,thumbs/HistoryMatters/top5_F1rzd3eG7ps.jpg,2026-09-30
BoR_k4Go9W8,Why did Russia sell Alaska to America? (Short Animated Documentary),History Matters,HistoryMatters,1.92M subscribers,6M views,6000000,7 years ago,3:14,top,6,thumbs/HistoryMatters/top6_BoR_k4Go9W8.jpg,2026-09-30
QFrzGhlRAkw,Why did the Treaty of Versailles Fail? (Short Animated Documentary),History Matters,HistoryMatters,1.92M subscribers,426K,426000,2mo ago,8:34,weak_recent,1,thumbs/HistoryMatters/weak1_QFrzGhlRAkw.jpg,2026-09-30
49s1EHBzmFQ,When did the Cold War actually start? (Short Animated Documentary),History Matters,HistoryMatters,1.92M subscribers,463K,463000,2mo ago,9:33,weak_recent,2,thumbs/HistoryMatters/weak2_49s1EHBzmFQ.jpg,2026-09-30
0cxMrCykadY,Why wasn't Japan allowed to keep Taiwan after WW2? (Short Animated Documentary),History Matters,HistoryMatters,1.92M subscribers,526K,526000,3mo ago,8:50,weak_recent,3,thumbs/HistoryMatters/weak3_0cxMrCykadY.jpg,2026-09-30
RB5OXgw6bvw,Why It Sucks to be Born as a Medieval Executioner,StickTory,StickTory,148K subscribers,2.1M views,2100000,1 year ago,9:52,top,1,thumbs/StickTory/top1_RB5OXgw6bvw.jpg,2026-09-30
DPeag3UdOiE,Why it Sucked to Be a Medieval Blacksmith,StickTory,StickTory,148K subscribers,1.4M views,1400000,1 year ago,12:11,top,2,thumbs/StickTory/top2_DPeag3UdOiE.jpg,2026-09-30
5HM-n5sO9Xo,Why it Sucked to Be a Medieval Assassin,StickTory,StickTory,148K subscribers,1.3M views,1300000,1 year ago,12:31,top,3,thumbs/StickTory/top3_5HM-n5sO9Xo.jpg,2026-09-30
VLSZTPDKq30,Why it Sucked to Be an Egyptian Pharaoh,StickTory,StickTory,148K subscribers,1.2M views,1200000,1 year ago,11:04,top,4,thumbs/StickTory/top4_VLSZTPDKq30.jpg,2026-09-30
14ym3mefzEM,Why it Sucked to Be an Aztec Sacrifice Victim,StickTory,StickTory,148K subscribers,1M views,1000000,1 year ago,10:38,top,5,thumbs/StickTory/top5_14ym3mefzEM.jpg,2026-09-30
k8YGIx-HWkw,Why it Sucks to Be an Egyptian Concubine,StickTory,StickTory,148K subscribers,1M views,1000000,10 months ago,13:58,top,6,thumbs/StickTory/top6_k8YGIx-HWkw.jpg,2026-09-30
4suhtI2OLQE,Being a Templar Knight Explained in 12 Minutes,StickTory,StickTory,148K subscribers,6.4K,6400,1mo ago,11:40,weak_recent,1,thumbs/StickTory/weak1_4suhtI2OLQE.jpg,2026-09-30
4_c4vZfoHR8,Why It Sucked to Be the Medieval Executioner Who Missed,StickTory,StickTory,148K subscribers,8.8K,8800,1mo ago,9:17,weak_recent,2,thumbs/StickTory/weak2_4_c4vZfoHR8.jpg,2026-09-30
xccoofPrOLM,Why it Sucked to Be a Wild West Bounty Hunter,StickTory,StickTory,148K subscribers,18K,18000,5mo ago,10:18,weak_recent,3,thumbs/StickTory/weak3_xccoofPrOLM.jpg,2026-09-30
Yh_7y2PYH1o,how to actually quit any addiction in 9 minutes (explained by a stick figure),StickFigure Explains,StickFigure_Explains,111K subscribers,4.5M views,4500000,2 years ago,9:12,top,1,thumbs/StickFigure_Explains/top1_Yh_7y2PYH1o.jpg,2026-09-30
8H-aGd_HlkM,how to unf*ck your life in 7 minutes explained by a stick figure,StickFigure Explains,StickFigure_Explains,111K subscribers,1.7M views,1700000,2 years ago,6:58,top,2,thumbs/StickFigure_Explains/top2_8H-aGd_HlkM.jpg,2026-09-30
nCjUj0-zLC8,how to actually become disciplined in 9 minutes,StickFigure Explains,StickFigure_Explains,111K subscribers,1.4M views,1400000,2 years ago,8:52,top,3,thumbs/StickFigure_Explains/top3_nCjUj0-zLC8.jpg,2026-09-30
MNoarzCs7Tc,how to ACTUALLY get your sh*t together in 11 minutes (explained by a stickfigure),StickFigure Explains,StickFigure_Explains,111K subscribers,126K views,126000,1 year ago,10:56,top,4,thumbs/StickFigure_Explains/top4_MNoarzCs7Tc.jpg,2026-09-30
lu6yHzljTmg,how to actually get a personality in 5 mins (explained by a stick figure),StickFigure Explains,StickFigure_Explains,111K subscribers,52K views,52000,1 year ago,5:44,top,5,thumbs/StickFigure_Explains/top5_lu6yHzljTmg.jpg,2026-09-30
bjkVMJjOiok,how to quickly ruin the rest of your life in 2 minutes (explained by a stick figure),StickFigure Explains,StickFigure_Explains,111K subscribers,38K views,38000,2 years ago,2:36,top,6,thumbs/StickFigure_Explains/top6_bjkVMJjOiok.jpg,2026-09-30
_N_q-ODjMIw,how to actually cure your social anxiety in 8 minutes (explained by a stick figure),StickFigure Explains,StickFigure_Explains,111K subscribers,7.1K,7100,1y ago,8:25,weak_recent,1,thumbs/StickFigure_Explains/weak1__N_q-ODjMIw.jpg,2026-09-30
ttgKmCgE8Jw,how to actually lock in for 2026 in under 7 minutes (explained by a stick figure),StickFigure Explains,StickFigure_Explains,111K subscribers,10K,10000,1y ago,6:45,weak_recent,2,thumbs/StickFigure_Explains/weak2_ttgKmCgE8Jw.jpg,2026-09-30
PEU4PCKvVV4,how to actually become happy in 8 minutes (explained by a stickfigure),StickFigure Explains,StickFigure_Explains,111K subscribers,11K,11000,1y ago,7:52,weak_recent,3,thumbs/StickFigure_Explains/weak3_PEU4PCKvVV4.jpg,2026-09-30
wSyqqTYqUKo,Extreme Vigilante Justice in History,Serious History,SeriousHistory,846K subscribers,7M views,7000000,7 months ago,29:02,top,1,thumbs/SeriousHistory/top1_wSyqqTYqUKo.jpg,2026-09-30
Yctn_C_6cF8,Most Epic Deaths in History,Serious History,SeriousHistory,846K subscribers,6.4M views,6400000,2 years ago,18:27,top,2,thumbs/SeriousHistory/top2_Yctn_C_6cF8.jpg,2026-09-30
WolmBrbo9-U,Your Life as Miyamoto Musashi,Serious History,SeriousHistory,846K subscribers,3.9M views,3900000,1 year ago,12:33,top,3,thumbs/SeriousHistory/top3_WolmBrbo9-U.jpg,2026-09-30
7okOsptc4Tg,More Nice People Who Snapped in History,Serious History,SeriousHistory,846K subscribers,3.6M views,3600000,1 year ago,21:32,top,4,thumbs/SeriousHistory/top4_7okOsptc4Tg.jpg,2026-09-30
Aw72njNhTe0,When Nice People Snapped in History,Serious History,SeriousHistory,846K subscribers,3.6M views,3600000,1 year ago,16:33,top,5,thumbs/SeriousHistory/top5_Aw72njNhTe0.jpg,2026-09-30
tWegzv8Ob6o,The Greatest Last Stands in History,Serious History,SeriousHistory,846K subscribers,3.2M views,3200000,1 year ago,20:01,top,6,thumbs/SeriousHistory/top6_tWegzv8Ob6o.jpg,2026-09-30
IBgrhkeUnx4,The HUMILIATING Death of the Richest Man in Rome [Original Edit],Serious History,SeriousHistory,846K subscribers,134K,134000,1mo ago,20:32,weak_recent,1,thumbs/SeriousHistory/weak1_IBgrhkeUnx4.jpg,2026-09-30
8wHfOW98vgI,The HUMILIATING Death of the Richest Man in Rome | Battle of Carrhae 53 BC,Serious History,SeriousHistory,846K subscribers,199K,199000,1mo ago,17:56,weak_recent,2,thumbs/SeriousHistory/weak2_8wHfOW98vgI.jpg,2026-09-30
Nv4RssSwQ_E,When Peasants Fought Japan's Greatest Admiral | Battle of Tsushima 1905,Serious History,SeriousHistory,846K subscribers,410K,410000,10mo ago,16:00,weak_recent,3,thumbs/SeriousHistory/weak3_Nv4RssSwQ_E.jpg,2026-09-30
ESY-S37AgSQ,Truly EVIL Human Experiments That Actually Happened,Chat History,ChatHistory,1.12M subscribers,9.6M views,9600000,2 years ago,17:17,top,1,thumbs/ChatHistory/top1_ESY-S37AgSQ.jpg,2026-09-30
ArrOpOpd-qs,Even More EVIL Human Experiments in History,Chat History,ChatHistory,1.12M subscribers,3.9M views,3900000,2 years ago,16:51,top,2,thumbs/ChatHistory/top2_ArrOpOpd-qs.jpg,2026-09-30
2T-1x3F6buE,Why You Wouldn't Survive in Ancient Egypt,Chat History,ChatHistory,1.12M subscribers,3.8M views,3800000,2 years ago,8:27,top,3,thumbs/ChatHistory/top3_2T-1x3F6buE.jpg,2026-09-30
FlN0HgppYlo,History's Deadliest Snipers,Chat History,ChatHistory,1.12M subscribers,3.4M views,3400000,1 year ago,18:48,top,4,thumbs/ChatHistory/top4_FlN0HgppYlo.jpg,2026-09-30
lrwYDMYg2YU,The Most EMBARRASSING Royal Deaths in History,Chat History,ChatHistory,1.12M subscribers,3.3M views,3300000,1 year ago,18:20,top,5,thumbs/ChatHistory/top5_lrwYDMYg2YU.jpg,2026-09-30
-K5JVE03paw,"Completely Wrong History ""Facts"" That You May Still Believe",Chat History,ChatHistory,1.12M subscribers,3.2M views,3200000,1 year ago,17:45,top,6,thumbs/ChatHistory/top6_-K5JVE03paw.jpg,2026-09-30
c3WqvBWC3Oo,The Unluckiest Deaths in History [Uncensored],Chat History,ChatHistory,1.12M subscribers,219K,219000,10mo ago,18:17,weak_recent,1,thumbs/ChatHistory/weak1_c3WqvBWC3Oo.jpg,2026-09-30
sfNzLafiBoM,History's Deadliest Sports That Would Get You Killed,Chat History,ChatHistory,1.12M subscribers,507K,507000,2mo ago,20:27,weak_recent,2,thumbs/ChatHistory/weak2_sfNzLafiBoM.jpg,2026-09-30
XfQadsp5b1I,The Weirdest Diseases in History That Actually Existed,Chat History,ChatHistory,1.12M subscribers,623K,623000,5mo ago,18:59,weak_recent,3,thumbs/ChatHistory/weak3_XfQadsp5b1I.jpg,2026-09-30
st_Ah6Ykbh4,What Did Ancient Humans Do at Night?,Zenn,Zenn0009,193K subscribers,8M views,8000000,5 months ago,8:32,top,1,thumbs/Zenn0009/top1_st_Ah6Ykbh4.jpg,2026-09-30
LuCans9euxY,The Calhoun Effect,Zenn,Zenn0009,193K subscribers,4.9M views,4900000,5 months ago,8:33,top,2,thumbs/Zenn0009/top2_LuCans9euxY.jpg,2026-09-30
royoy7-PyTw,Why You Can't Remember Being a Baby,Zenn,Zenn0009,193K subscribers,1.8M views,1800000,5 months ago,6:54,top,3,thumbs/Zenn0009/top3_royoy7-PyTw.jpg,2026-09-30
d8lMW1uDN4s,What Did Ancient Humans Actually Eat?,Zenn,Zenn0009,193K subscribers,882K views,882000,5 months ago,8:04,top,4,thumbs/Zenn0009/top4_d8lMW1uDN4s.jpg,2026-09-30
_XYNsTvnU7E,What If WE Are The Aliens?,Zenn,Zenn0009,193K subscribers,827K views,827000,5 months ago,10:32,top,5,thumbs/Zenn0009/top5__XYNsTvnU7E.jpg,2026-09-30
IlCq6a0sDCk,Why Hasn't Anyone Raised the Titanic?,Zenn,Zenn0009,193K subscribers,706K views,706000,5 months ago,10:23,top,6,thumbs/Zenn0009/top6_IlCq6a0sDCk.jpg,2026-09-30
rtbqlnD_VXg,Why Do Dogs Love Humans?,Zenn,Zenn0009,193K subscribers,14K,14000,3mo ago,8:07,weak_recent,1,thumbs/Zenn0009/weak1_rtbqlnD_VXg.jpg,2026-09-30
JuZh2rmD6m0,Why Nobody Smiled In Old Photos,Zenn,Zenn0009,193K subscribers,16K,16000,1mo ago,12:37,weak_recent,2,thumbs/Zenn0009/weak2_JuZh2rmD6m0.jpg,2026-09-30
kGOJvM7HAp0,Why No Animal Has Ever Evolved A Wheel,Zenn,Zenn0009,193K subscribers,17K,17000,1mo ago,8:38,weak_recent,3,thumbs/Zenn0009/weak3_kGOJvM7HAp0.jpg,2026-09-30
TQd2k1pEXp4,What Did Ancient Humans Do all Day Before Jobs Existed?,Axen,AxenCool,63K subscribers,3.3M views,3300000,4 months ago,8:33,top,1,thumbs/AxenCool/top1_TQd2k1pEXp4.jpg,2026-09-30
2RJggsjlj4A,How Did Ancient Humans Survive the World's Deadliest Predators?,Axen,AxenCool,63K subscribers,1.3M views,1300000,5 months ago,7:33,top,2,thumbs/AxenCool/top2_2RJggsjlj4A.jpg,2026-09-30
wt_7Hp7d7I8,How Did Ancient Humans Survive Deadly Winters?,Axen,AxenCool,63K subscribers,932K views,932000,3 months ago,10:24,top,3,thumbs/AxenCool/top3_wt_7Hp7d7I8.jpg,2026-09-30
lJVPvTGUftQ,How Did Ancient Humans Have Privacy?,Axen,AxenCool,63K subscribers,271K views,271000,4 months ago,5:15,top,4,thumbs/AxenCool/top4_lJVPvTGUftQ.jpg,2026-09-30
9SmcjthU5Yk,Why Does the OCEAN Get Creepier the Deeper You Go?,Axen,AxenCool,63K subscribers,156K views,156000,3 months ago,9:52,top,5,thumbs/AxenCool/top5_9SmcjthU5Yk.jpg,2026-09-30
pg60qyQQOOo,What Did Ancient Human Children Actually Do All Day?,Axen,AxenCool,63K subscribers,45K views,45000,4 weeks ago,8:35,top,6,thumbs/AxenCool/top6_pg60qyQQOOo.jpg,2026-09-30
WetQfB8d49Y,You Are the Rarest Thing in the Universe,Axen,AxenCool,63K subscribers,5.8K,5800,1mo ago,9:05,weak_recent,1,thumbs/AxenCool/weak1_WetQfB8d49Y.jpg,2026-09-30
X0whahlmvfM,The CRAZIEST Survival Methods Ancient Humans Used Against Predators,Axen,AxenCool,63K subscribers,6.3K,6300,1mo ago,8:33,weak_recent,2,thumbs/AxenCool/weak2_X0whahlmvfM.jpg,2026-09-30
1bKfsHbYBvo,"How Gross Was the Past, Really?",Axen,AxenCool,63K subscribers,9.1K,9100,1mo ago,12:41,weak_recent,3,thumbs/AxenCool/weak3_1bKfsHbYBvo.jpg,2026-09-30
xPzwR_Y698o,What It's Like to Be a Black Market Surgeon,Hypothetically,HypotheticallyHQ,337K subscribers,6.1M views,6100000,7 months ago,16:27,top,1,thumbs/HypotheticallyHQ/top1_xPzwR_Y698o.jpg,2026-09-30
24VpqQN2gfY,Your Life as Every Rank in the Italian Mafia,Hypothetically,HypotheticallyHQ,337K subscribers,2.9M views,2900000,9 months ago,10:29,top,2,thumbs/HypotheticallyHQ/top2_24VpqQN2gfY.jpg,2026-09-30
OPjgV5spyWM,POV: You're a Trillionaire,Hypothetically,HypotheticallyHQ,337K subscribers,2.8M views,2800000,5 months ago,16:08,top,3,thumbs/HypotheticallyHQ/top3_OPjgV5spyWM.jpg,2026-09-30
_mV6X5Fbpys,What It's Like to be Every Yakuza Rank,Hypothetically,HypotheticallyHQ,337K subscribers,1.8M views,1800000,8 months ago,11:43,top,4,thumbs/HypotheticallyHQ/top4__mV6X5Fbpys.jpg,2026-09-30
UchQEgBmp0M,What Every Level of Wealth ACTUALLY Feels Like,Hypothetically,HypotheticallyHQ,337K subscribers,1.7M views,1700000,1 year ago,15:36,top,5,thumbs/HypotheticallyHQ/top5_UchQEgBmp0M.jpg,2026-09-30
kz1AQHltnbQ,POV: You're a Cartel Accountant,Hypothetically,HypotheticallyHQ,337K subscribers,1.5M views,1500000,9 months ago,11:50,top,6,thumbs/HypotheticallyHQ/top6_kz1AQHltnbQ.jpg,2026-09-30
A5mmQQiywfg,What It Was Like to be a Scammer in 1889,Hypothetically,HypotheticallyHQ,337K subscribers,96K,96000,7mo ago,11:30,weak_recent,1,thumbs/HypotheticallyHQ/weak1_A5mmQQiywfg.jpg,2026-09-30
3MrJIFKO-94,What Organ Trafficking Is ACTUALLY Like,Hypothetically,HypotheticallyHQ,337K subscribers,97K,97000,2mo ago,17:29,weak_recent,2,thumbs/HypotheticallyHQ/weak2_3MrJIFKO-94.jpg,2026-09-30
o83MjZlCzM8,What It Was Like to Be Every Spartan Rank,Hypothetically,HypotheticallyHQ,337K subscribers,109K,109000,7mo ago,14:00,weak_recent,3,thumbs/HypotheticallyHQ/weak3_o83MjZlCzM8.jpg,2026-09-30
BNHe5KNOW6A,Why It Sucks to Be an Empress (in Ming Dynasty),Bernard,BernardAnimationOfficial,372K subscribers,2.5M views,2500000,9 months ago,21:39,top,1,thumbs/BernardAnimationOfficial/top1_BNHe5KNOW6A.jpg,2026-09-30
cRLms6VtmXM,Why It Sucks to Be a Pleasure Slave (in Ancient Egypt),Bernard,BernardAnimationOfficial,372K subscribers,2.1M views,2100000,8 months ago,22:22,top,2,thumbs/BernardAnimationOfficial/top2_cRLms6VtmXM.jpg,2026-09-30
HMsbA6Tp0A8,Why It Sucks to Be a Brothel Boy (in Qing Dynasty),Bernard,BernardAnimationOfficial,372K subscribers,2M views,2000000,1 year ago,15:19,top,3,thumbs/BernardAnimationOfficial/top3_HMsbA6Tp0A8.jpg,2026-09-30
Rq1Ur77iFhY,Why It Sucks to Be a Nun (in Medieval Times),Bernard,BernardAnimationOfficial,372K subscribers,2M views,2000000,9 months ago,21:07,top,4,thumbs/BernardAnimationOfficial/top4_Rq1Ur77iFhY.jpg,2026-09-30
z3tRvJNMd1U,Why It Sucks to Be a Breeding Slave (in Ancient Rome),Bernard,BernardAnimationOfficial,372K subscribers,1.9M views,1900000,3 months ago,21:31,top,5,thumbs/BernardAnimationOfficial/top5_z3tRvJNMd1U.jpg,2026-09-30
IPjDANjdNX0,Why It Sucks to Be a Brothers' SHARED Wife (in Ancient Tibet),Bernard,BernardAnimationOfficial,372K subscribers,1.6M views,1600000,1 month ago,20:25,top,6,thumbs/BernardAnimationOfficial/top6_IPjDANjdNX0.jpg,2026-09-30
9YRKhK6EeFU,Why It Sucks to Be a Court Dwarf (in Holy Roman Empire),Bernard,BernardAnimationOfficial,372K subscribers,130K,130000,2mo ago,21:53,weak_recent,1,thumbs/BernardAnimationOfficial/weak1_9YRKhK6EeFU.jpg,2026-09-30
Q4e3Ze8YM2M,Why It Sucks to Be the Emperor's Daughter (in Ancient Rome),Bernard,BernardAnimationOfficial,372K subscribers,199K,199000,1mo ago,20:35,weak_recent,2,thumbs/BernardAnimationOfficial/weak2_Q4e3Ze8YM2M.jpg,2026-09-30
BL5c1ErHZL0,Why It Sucks to Be an Oracle of Delphi (in Ancient Greece),Bernard,BernardAnimationOfficial,372K subscribers,281K,281000,2mo ago,21:23,weak_recent,3,thumbs/BernardAnimationOfficial/weak3_BL5c1ErHZL0.jpg,2026-09-30
pBJpDpMqigw,1500 Years of Russian History in 30 Minutes,Animated History ,AnimatedHistoryy,83.9K subscribers,1.1M views,1100000,3 months ago,27:27,top,1,thumbs/AnimatedHistoryy/top1_pBJpDpMqigw.jpg,2026-09-30
J8GcGn7QDTQ,2000 Years of Israel History in 35 Minutes,Animated History ,AnimatedHistoryy,83.9K subscribers,1M views,1000000,1 month ago,35:59,top,2,thumbs/AnimatedHistoryy/top2_J8GcGn7QDTQ.jpg,2026-09-30
sAkHm4rjRyM,2000 Years of A Secret North Korea History in 14 Minutes,Animated History ,AnimatedHistoryy,83.9K subscribers,941K views,941000,9 months ago,14:28,top,3,thumbs/AnimatedHistoryy/top3_sAkHm4rjRyM.jpg,2026-09-30
1YwJLkC4tm4,1600 Years of Chaotic British History in 17 Minutes,Animated History ,AnimatedHistoryy,83.9K subscribers,888K views,888000,10 months ago,17:32,top,4,thumbs/AnimatedHistoryy/top4_1YwJLkC4tm4.jpg,2026-09-30
bu_FBw9NmUc,The ENTIRE American Civil War Explained in 23 Minutes,Animated History ,AnimatedHistoryy,83.9K subscribers,873K views,873000,5 months ago,23:06,top,5,thumbs/AnimatedHistoryy/top5_bu_FBw9NmUc.jpg,2026-09-30
wuhnBi8jNl0,4000 Years of Chinese History in 25 Minutes,Animated History ,AnimatedHistoryy,83.9K subscribers,793K views,793000,1 month ago,25:56,top,6,thumbs/AnimatedHistoryy/top6_wuhnBi8jNl0.jpg,2026-09-30
amaJFF8M220,527 Years of Venezuelan History in 35 Minutes,Animated History ,AnimatedHistoryy,83.9K subscribers,67K,67000,2mo ago,35:14,weak_recent,1,thumbs/AnimatedHistoryy/weak1_amaJFF8M220.jpg,2026-09-30
iV6KAmHb04o,The American History They Never Taught You,Animated History ,AnimatedHistoryy,83.9K subscribers,127K,127000,2mo ago,31:26,weak_recent,2,thumbs/AnimatedHistoryy/weak2_iV6KAmHb04o.jpg,2026-09-30
a87VGnzNNQk,Why Latin America Never Became One Country,Animated History ,AnimatedHistoryy,83.9K subscribers,304K,304000,4mo ago,21:54,weak_recent,3,thumbs/AnimatedHistoryy/weak3_a87VGnzNNQk.jpg,2026-09-30
xkr2DJ_dlWI,What Did Ancient Humans Do When Someone Got Pregnant?,HUMAN-ISH,HUMAN-ISH88,4.23K subscribers,548K views,548000,4 months ago,10:33,top,1,thumbs/HUMAN-ISH88/top1_xkr2DJ_dlWI.jpg,2026-09-30
gwfVHLrrkzE,How Did Ancient Humans Survive Without Doctors?,HUMAN-ISH,HUMAN-ISH88,4.23K subscribers,12K views,12000,4 months ago,8:16,top,2,thumbs/HUMAN-ISH88/top2_gwfVHLrrkzE.jpg,2026-09-30
DmaqzzUszEs,What Happened When Two Different Human Species Met for the First Time?,HUMAN-ISH,HUMAN-ISH88,4.23K subscribers,11K views,11000,3 months ago,9:20,top,3,thumbs/HUMAN-ISH88/top3_DmaqzzUszEs.jpg,2026-09-30
4HMsBQr61r4,How Did Ancient Mothers Raise Their Children?,HUMAN-ISH,HUMAN-ISH88,4.23K subscribers,5.9K views,5900,3 months ago,17:27,top,4,thumbs/HUMAN-ISH88/top4_4HMsBQr61r4.jpg,2026-09-30
cS3EJeLH0P8,What Did Ancient Humans Do With Orphans?,HUMAN-ISH,HUMAN-ISH88,4.23K subscribers,5.8K views,5800,3 months ago,18:04,top,5,thumbs/HUMAN-ISH88/top5_cS3EJeLH0P8.jpg,2026-09-30
Fsg3Viiab20,How Did Ancient Humans Handle a Failed Pregnancy?,HUMAN-ISH,HUMAN-ISH88,4.23K subscribers,4.4K views,4400,3 months ago,11:38,top,6,thumbs/HUMAN-ISH88/top6_Fsg3Viiab20.jpg,2026-09-30
Edmgz6cmi_A,Why Did Ancient Humans Eat Rotten Meat?,HUMAN-ISH,HUMAN-ISH88,4.23K subscribers,111,111,2mo ago,11:01,weak_recent,1,thumbs/HUMAN-ISH88/weak1_Edmgz6cmi_A.jpg,2026-09-30
yCXzwsIqfp0,Why Do We Hiccup Like a 375 Million Year Old Fish?,HUMAN-ISH,HUMAN-ISH88,4.23K subscribers,120,120,2mo ago,8:25,weak_recent,2,thumbs/HUMAN-ISH88/weak2_yCXzwsIqfp0.jpg,2026-09-30
9jImQqkXJC4,What If Babies Are Manipulating You?,HUMAN-ISH,HUMAN-ISH88,4.23K subscribers,129,129,3mo ago,10:19,weak_recent,3,thumbs/HUMAN-ISH88/weak3_9jImQqkXJC4.jpg,2026-09-30
uCObwsXbSeU,Apollo 13: What Went Wrong,Andy R Animations,andyranimations,72.9K subscribers,1.7M views,1700000,1 year ago,2:00:30,top,1,thumbs/andyranimations/top1_uCObwsXbSeU.jpg,2026-09-30
ClqManZyP1M,How Backrooms Videos Are Made,Andy R Animations,andyranimations,72.9K subscribers,1.4M views,1400000,3 years ago,15:47,top,2,thumbs/andyranimations/top2_ClqManZyP1M.jpg,2026-09-30
TfFQYECY6Uo,Backrooms - Mall Run,Andy R Animations,andyranimations,72.9K subscribers,882K views,882000,3 years ago,14:06,top,3,thumbs/andyranimations/top3_TfFQYECY6Uo.jpg,2026-09-30
oaQ8UXlKDiw,Backrooms - Outpost,Andy R Animations,andyranimations,72.9K subscribers,783K views,783000,3 years ago,25:35,top,4,thumbs/andyranimations/top4_oaQ8UXlKDiw.jpg,2026-09-30
-U7LPMkMJp0,Backrooms Movie - Surveillance,Andy R Animations,andyranimations,72.9K subscribers,430K views,430000,1 year ago,2:09:01,top,5,thumbs/andyranimations/top5_-U7LPMkMJp0.jpg,2026-09-30
pWukb3wIqb4,Backrooms - Path,Andy R Animations,andyranimations,72.9K subscribers,326K views,326000,3 years ago,23:32,top,6,thumbs/andyranimations/top6_pWukb3wIqb4.jpg,2026-09-30
_Ke4t2ZjpOE,Andy R Animations - Trouble in Orbit [Music Visualizer] (Copyright Free),Andy R Animations,andyranimations,72.9K subscribers,6.3K,6300,2mo ago,3:55,weak_recent,1,thumbs/andyranimations/weak1__Ke4t2ZjpOE.jpg,2026-09-30
ND8znghxe1Q,Minecraft: Skylands [Episode 1] - Pilot,Andy R Animations,andyranimations,72.9K subscribers,8.5K,8500,11mo ago,16:07,weak_recent,2,thumbs/andyranimations/weak2_ND8znghxe1Q.jpg,2026-09-30
zcx_jPjrmJA,Spider Fortress [Blender Animation],Andy R Animations,andyranimations,72.9K subscribers,11K,11000,4y ago,4:21,weak_recent,3,thumbs/andyranimations/weak3_zcx_jPjrmJA.jpg,2026-09-30
GsjAjlTnLNg,How Did the Baltimore Bridge Collapse - Animated,Joseph Engineering,JosephEngineering,7.49K subscribers,689K views,689000,2 years ago,9:28,top,1,thumbs/JosephEngineering/top1_GsjAjlTnLNg.jpg,2026-09-30
ZIeInMU5oso,Why Some Bridges Are Hollow? ,Joseph Engineering,JosephEngineering,7.49K subscribers,94K views,94000,3 years ago,7:49,top,2,thumbs/JosephEngineering/top2_ZIeInMU5oso.jpg,2026-09-30
qauDaKB62e0,The Strait of Messina Bridge: Engineering's Greatest Test,Joseph Engineering,JosephEngineering,7.49K subscribers,87K views,87000,2 years ago,9:52,top,3,thumbs/JosephEngineering/top3_qauDaKB62e0.jpg,2026-09-30
pSbyFKl-zWE,The Fascinating Engineering Behind Prestressed Concrete,Joseph Engineering,JosephEngineering,7.49K subscribers,55K views,55000,1 year ago,9:51,top,4,thumbs/JosephEngineering/top4_pSbyFKl-zWE.jpg,2026-09-30
xB8IpYLFna8,How Roman Arches Changed Engineering,Joseph Engineering,JosephEngineering,7.49K subscribers,52K views,52000,2 years ago,9:37,top,5,thumbs/JosephEngineering/top5_xB8IpYLFna8.jpg,2026-09-30
g37pKBl3DfE,The Bridge That Had To Close After Opening Day,Joseph Engineering,JosephEngineering,7.49K subscribers,43K views,43000,2 years ago,13:58,top,6,thumbs/JosephEngineering/top6_g37pKBl3DfE.jpg,2026-09-30
B-ZIEsW27Ac,Can I Build A Miniature Skyscraper That Actually Behaves Like A Real One?,Joseph Engineering,JosephEngineering,7.49K subscribers,145,145,4mo ago,11:25,weak_recent,1,thumbs/JosephEngineering/weak1_B-ZIEsW27Ac.jpg,2026-09-30
KCL61KU-A14,The Tragic Story Of The World's First Ferris Wheel,Joseph Engineering,JosephEngineering,7.49K subscribers,296,296,2mo ago,16:24,weak_recent,2,thumbs/JosephEngineering/weak2_KCL61KU-A14.jpg,2026-09-30
_0ovywQK81M,How Do You Rebuild a Bridge a Ship Destroyed in Seconds?,Joseph Engineering,JosephEngineering,7.49K subscribers,335,335,5mo ago,12:04,weak_recent,3,thumbs/JosephEngineering/weak3__0ovywQK81M.jpg,2026-09-30
L698u3f92eE,The ENTIRE Story of Clarence in 43 Minutes!,JarToon,JarToonyt,657K subscribers,7.7M views,7700000,3 years ago,43:35,top,1,thumbs/JarToonyt/top1_L698u3f92eE.jpg,2026-09-30
nJ4rdFPlP2Y,The ENTIRE Story of Codename: Kids Next Door in 27 Minutes,JarToon,JarToonyt,657K subscribers,7.1M views,7100000,3 years ago,27:47,top,2,thumbs/JarToonyt/top2_nJ4rdFPlP2Y.jpg,2026-09-30
fDm6XARriHU,The ENTIRE Story of Adventure Time in 86 Minutes,JarToon,JarToonyt,657K subscribers,6.1M views,6100000,3 years ago,1:26:54,top,3,thumbs/JarToonyt/top3_fDm6XARriHU.jpg,2026-09-30
I5Psjc0r0Kk,The ENTIRE Story of Steven Universe in 95 Minutes!,JarToon,JarToonyt,657K subscribers,6.1M views,6100000,3 years ago,1:35:30,top,4,thumbs/JarToonyt/top4_I5Psjc0r0Kk.jpg,2026-09-30
5vsMjAkxagM,The ENTIRE Story of Gumball in 45 Minutes,JarToon,JarToonyt,657K subscribers,5.4M views,5400000,3 years ago,45:19,top,5,thumbs/JarToonyt/top5_5vsMjAkxagM.jpg,2026-09-30
s4IYUvDUlkA,The ENTIRE Story of Courage the Cowardly Dog in 36 Minutes,JarToon,JarToonyt,657K subscribers,4.4M views,4400000,3 years ago,36:31,top,6,thumbs/JarToonyt/top6_s4IYUvDUlkA.jpg,2026-09-30
3-I9dC26U4M,The ENTIRE Story of The White Lotus (so far) in 94 Minutes,JarToon,JarToonyt,657K subscribers,45K,45000,1mo ago,1:34:58,weak_recent,1,thumbs/JarToonyt/weak1_3-I9dC26U4M.jpg,2026-09-30
NfkjIm8xC8k,The ENTIRE Story of House of the Dragon (Season 3) in 67 Minutes,JarToon,JarToonyt,657K subscribers,48K,48000,1mo ago,1:07:08,weak_recent,2,thumbs/JarToonyt/weak2_NfkjIm8xC8k.jpg,2026-09-30
mrPbmutxzhk,The ENTIRE Story of THE BOYS (Season 5) in 41 Minutes,JarToon,JarToonyt,657K subscribers,55K,55000,3w ago,41:25,weak_recent,3,thumbs/JarToonyt/weak3_mrPbmutxzhk.jpg,2026-09-30
LOseXT3rChI,How Grenade Works? 3D Animation 60fps (In Hindi) | ग्रेनेड काम कैसे करता है?,Professor Of How,ProfessorOfHow,15.8M subscribers,30M views,30000000,6 years ago,5:44,top,1,thumbs/ProfessorOfHow/top1_LOseXT3rChI.jpg,2026-09-30
hseL_dR05PI,ऐसे हुई थी Osama Bin Laden की हत्या…😱 (3D Animation),Professor Of How,ProfessorOfHow,15.8M subscribers,27M views,27000000,2 years ago,33:56,top,2,thumbs/ProfessorOfHow/top2_hseL_dR05PI.jpg,2026-09-30
L7UT-KuUzdA,ऐसे हुई थी Rajiv Gandhi की हत्या…😱 (3D Animation),Professor Of How,ProfessorOfHow,15.8M subscribers,25M views,25000000,2 years ago,22:05,top,3,thumbs/ProfessorOfHow/top3_L7UT-KuUzdA.jpg,2026-09-30
_np1v6pr_74,ऐसे हुई थी Indira Gandhi की हत्या...😱,Professor Of How,ProfessorOfHow,15.8M subscribers,24M views,24000000,3 years ago,10:30,top,4,thumbs/ProfessorOfHow/top4__np1v6pr_74.jpg,2026-09-30
_wcK7uHBHiQ,Is Indian Prime Minister Safe? (3D Animation),Professor Of How,ProfessorOfHow,15.8M subscribers,20M views,20000000,2 years ago,5:00,top,5,thumbs/ProfessorOfHow/top5__wcK7uHBHiQ.jpg,2026-09-30
0G0vq3tVAKE,How Coronavirus Kills? Medical 3D Animation (60FPS),Professor Of How,ProfessorOfHow,15.8M subscribers,16M views,16000000,6 years ago,12:44,top,6,thumbs/ProfessorOfHow/top6_0G0vq3tVAKE.jpg,2026-09-30
oTR5U_G5P-I,"If I Started a YouTube Channel in 2026, I'd Do This",Professor Of How,ProfessorOfHow,15.8M subscribers,846K,846000,4mo ago,15:00,weak_recent,1,thumbs/ProfessorOfHow/weak1_oTR5U_G5P-I.jpg,2026-09-30
I_LrKnoJk5c,Were Bengal Elections Actually Fair?,Professor Of How,ProfessorOfHow,15.8M subscribers,1M,1000000,4mo ago,19:27,weak_recent,2,thumbs/ProfessorOfHow/weak2_I_LrKnoJk5c.jpg,2026-09-30
GZv__INkmSI,How Can a Hospital Do This? | India’s SCARIEST Cases | Professor Of How,Professor Of How,ProfessorOfHow,15.8M subscribers,1M,1000000,10mo ago,23:03,weak_recent,3,thumbs/ProfessorOfHow/weak3_GZv__INkmSI.jpg,2026-09-30
8GfRo_IKlEA,⚓ALL Famous Ships Sink Like Titanic | Compilation,ClipperFlipper,ClipperFlipperShips,95.1K subscribers,6.2M views,6200000,1 year ago,18:27,top,1,thumbs/ClipperFlipperShips/top1_8GfRo_IKlEA.jpg,2026-09-30
tMvpB6cBjYk,⚓Titanic VS Iceberg at Different Speeds,ClipperFlipper,ClipperFlipperShips,95.1K subscribers,4.6M views,4600000,1 year ago,3:10,top,2,thumbs/ClipperFlipperShips/top2_tMvpB6cBjYk.jpg,2026-09-30
uw9d-_8Kcbg,RMS Titanic Restoration,ClipperFlipper,ClipperFlipperShips,95.1K subscribers,2.7M views,2700000,1 year ago,4:32,top,3,thumbs/ClipperFlipperShips/top3_uw9d-_8Kcbg.jpg,2026-09-30
7Gm4GVE22RA,⚓All Titanic Sinking Theories | Animation,ClipperFlipper,ClipperFlipperShips,95.1K subscribers,2.5M views,2500000,1 year ago,4:23,top,4,thumbs/ClipperFlipperShips/top4_7Gm4GVE22RA.jpg,2026-09-30
NiKlkSNeevA,HUMANTANIC Level Up | | Ship Animation,ClipperFlipper,ClipperFlipperShips,95.1K subscribers,2.5M views,2500000,7 months ago,6:14,top,5,thumbs/ClipperFlipperShips/top5_NiKlkSNeevA.jpg,2026-09-30
cEIcYvtwDFA,History of HUMANTANIC | Ship Animation,ClipperFlipper,ClipperFlipperShips,95.1K subscribers,2.3M views,2300000,1 year ago,2:51,top,6,thumbs/ClipperFlipperShips/top6_cEIcYvtwDFA.jpg,2026-09-30
DdtX-oujgnQ,The Most American Titanic | Ship Animation,ClipperFlipper,ClipperFlipperShips,95.1K subscribers,46K,46000,1mo ago,3:07,weak_recent,1,thumbs/ClipperFlipperShips/weak1_DdtX-oujgnQ.jpg,2026-09-30
ZM674oIPk1o,RMS Titanic Sinking on Moon | Animation,ClipperFlipper,ClipperFlipperShips,95.1K subscribers,49K,49000,6mo ago,3:30,weak_recent,2,thumbs/ClipperFlipperShips/weak2_ZM674oIPk1o.jpg,2026-09-30
Tq3YiiIT23M,⚓ Ships vs Reef | Animation,ClipperFlipper,ClipperFlipperShips,95.1K subscribers,52K,52000,3mo ago,2:53,weak_recent,3,thumbs/ClipperFlipperShips/weak3_Tq3YiiIT23M.jpg,2026-09-30
VP8DD9TGNlU,The Dark side of Science: The Horror of the Ape and The Child Experiment 1932 (Short Documentary),Plainly Difficult,PlainlyDifficult,1.1M subscribers,9.6M views,9600000,4 years ago,21:22,top,1,thumbs/PlainlyDifficult/top1_VP8DD9TGNlU.jpg,2026-09-30
VE8FnsnWz48,A Brief History of: The Demon Core (Short Documentary),Plainly Difficult,PlainlyDifficult,1.1M subscribers,7.9M views,7900000,7 years ago,10:22,top,2,thumbs/PlainlyDifficult/top2_VE8FnsnWz48.jpg,2026-09-30
T-O7iz0Jat8,The Dark Side of Science: The Little Albert Experiment (Short Documentary ),Plainly Difficult,PlainlyDifficult,1.1M subscribers,5.3M views,5300000,5 years ago,13:40,top,3,thumbs/PlainlyDifficult/top3_T-O7iz0Jat8.jpg,2026-09-30
u1MDFdk5FEI,"The Dark side of Science: The Lobotomy, the worst surgery in history? (Documentary)",Plainly Difficult,PlainlyDifficult,1.1M subscribers,5.1M views,5100000,4 years ago,17:09,top,4,thumbs/PlainlyDifficult/top4_u1MDFdk5FEI.jpg,2026-09-30
54tK1GWrQsg,The Dark Side of Science: The Bobo Doll Experiment 1963 (Short Documentary),Plainly Difficult,PlainlyDifficult,1.1M subscribers,4.4M views,4400000,5 years ago,17:36,top,5,thumbs/PlainlyDifficult/top5_54tK1GWrQsg.jpg,2026-09-30
IkBJU8BbrUs,Part 1 The Chernobyl Disaster Explained 1986  | A Brief History of Documentary,Plainly Difficult,PlainlyDifficult,1.1M subscribers,2.9M views,2900000,5 years ago,40:38,top,6,thumbs/PlainlyDifficult/top6_IkBJU8BbrUs.jpg,2026-09-30
P442G78mVrw,The Birth of Diversity Equality and Inclusion Training: The Blue Eyes/ Brown Eyes Experiment,Plainly Difficult,PlainlyDifficult,1.1M subscribers,65K,65000,2mo ago,19:48,weak_recent,1,thumbs/PlainlyDifficult/weak1_P442G78mVrw.jpg,2026-09-30
AePs4QOHnGU,Year 9 Of Plainly Difficult Documentaries,Plainly Difficult,PlainlyDifficult,1.1M subscribers,72K,72000,3w ago,11:24:12,weak_recent,2,thumbs/PlainlyDifficult/weak2_AePs4QOHnGU.jpg,2026-09-30
ZYs7e9GEtX0,The Insane SPERT Nuclear Reactor Meltdown Test | Plainly Difficult Radiation Documentary,Plainly Difficult,PlainlyDifficult,1.1M subscribers,109K,109000,3mo ago,11:25,weak_recent,3,thumbs/PlainlyDifficult/weak3_ZYs7e9GEtX0.jpg,2026-09-30
vLaErMfgJ8Q,What Happens When You Die?,The Infographics Show,TheInfographicsShow,15.5M subscribers,27M views,27000000,8 years ago,7:04,top,1,thumbs/TheInfographicsShow/top1_vLaErMfgJ8Q.jpg,2026-09-30
8eq2vGEEbB4,Russian Sleep Experiment - EXPLAINED,The Infographics Show,TheInfographicsShow,15.5M subscribers,22M views,22000000,6 years ago,12:26,top,2,thumbs/TheInfographicsShow/top2_8eq2vGEEbB4.jpg,2026-09-30
knjliFs3gR8,How SEAL Team Took Down Osama bin Laden (Minute by Minute),The Infographics Show,TheInfographicsShow,15.5M subscribers,20M views,20000000,4 years ago,17:57,top,3,thumbs/TheInfographicsShow/top3_knjliFs3gR8.jpg,2026-09-30
ww_FFS8yjlc,What Happens to Your Body While You Are Having Sex?,The Infographics Show,TheInfographicsShow,15.5M subscribers,19M views,19000000,8 years ago,7:54,top,4,thumbs/TheInfographicsShow/top4_ww_FFS8yjlc.jpg,2026-09-30
OZ_xhkg32nk,How They Caught Serial Killer Ted Bundy,The Infographics Show,TheInfographicsShow,15.5M subscribers,17M views,17000000,5 years ago,13:49,top,5,thumbs/TheInfographicsShow/top5_OZ_xhkg32nk.jpg,2026-09-30
48oOpnKxXtk,Most Viewed The Infographics Show Videos of 2019 - Compilation,The Infographics Show,TheInfographicsShow,15.5M subscribers,15M views,15000000,6 years ago,3:21:20,top,6,thumbs/TheInfographicsShow/top6_48oOpnKxXtk.jpg,2026-09-30
c0pS3Zx7Fc8,Cities at Sea: How Aircraft Carriers Work,Wendover Productions,Wendoverproductions,4.92M subscribers,14M views,14000000,7 years ago,11:54,top,1,thumbs/Wendoverproductions/top1_c0pS3Zx7Fc8.jpg,2026-09-30
GiBF6v5UAAE,China's Geography Problem,Wendover Productions,Wendoverproductions,4.92M subscribers,12M views,12000000,8 years ago,10:50,top,2,thumbs/Wendoverproductions/top2_GiBF6v5UAAE.jpg,2026-09-30
YJRqB1xtIxg,"The US President's $2,614 Per Minute Transport System",Wendover Productions,Wendoverproductions,4.92M subscribers,12M views,12000000,9 years ago,12:03,top,3,thumbs/Wendoverproductions/top3_YJRqB1xtIxg.jpg,2026-09-30
BzB5xtGGsTc,The Economics of Airline Class,Wendover Productions,Wendoverproductions,4.92M subscribers,12M views,12000000,9 years ago,11:38,top,4,thumbs/Wendoverproductions/top4_BzB5xtGGsTc.jpg,2026-09-30
gdy0gBVWAzE,Living Underwater: How Submarines Work,Wendover Productions,Wendoverproductions,4.92M subscribers,11M views,11000000,7 years ago,12:13,top,5,thumbs/Wendoverproductions/top5_gdy0gBVWAzE.jpg,2026-09-30
b4wRdoWpw0w,The Failed Logistics of Russia's Invasion of Ukraine,Wendover Productions,Wendoverproductions,4.92M subscribers,10M views,10000000,4 years ago,19:43,top,6,thumbs/Wendoverproductions/top6_b4wRdoWpw0w.jpg,2026-09-30
LU58bHm7GlE,One Piece of News From Every Country in the World (Pt 2),Wendover Productions,Wendoverproductions,4.92M subscribers,261K,261000,8mo ago,37:42,weak_recent,1,thumbs/Wendoverproductions/weak1_LU58bHm7GlE.jpg,2026-09-30
dzmoALgtB1Q,Why Texas Wins,Wendover Productions,Wendoverproductions,4.92M subscribers,530K,530000,1mo ago,19:16,weak_recent,2,thumbs/Wendoverproductions/weak2_dzmoALgtB1Q.jpg,2026-09-30
fiG1MZATT3M,One Piece of News From Every Country in the World,Wendover Productions,Wendoverproductions,4.92M subscribers,540K,540000,9mo ago,42:40,weak_recent,3,thumbs/Wendoverproductions/weak3_fiG1MZATT3M.jpg,2026-09-30
M16CGK1T9MM,Why Photos of the Eiffel Tower at Night are Illegal,Half as Interesting,HalfasInteresting,2.94M subscribers,12M views,12000000,8 years ago,4:31,top,1,thumbs/HalfasInteresting/top1_M16CGK1T9MM.jpg,2026-09-30
gwVmE8gcqrg,How to Decode Credit Card Numbers,Half as Interesting,HalfasInteresting,2.94M subscribers,8.7M views,8700000,5 years ago,5:20,top,2,thumbs/HalfasInteresting/top2_gwVmE8gcqrg.jpg,2026-09-30
8-u5nd2GqNE,The Secret Protocol for When the Queen Dies,Half as Interesting,HalfasInteresting,2.94M subscribers,8.5M views,8500000,8 years ago,5:12,top,3,thumbs/HalfasInteresting/top3_8-u5nd2GqNE.jpg,2026-09-30
o1bIKvHDNWI,What's the Longest Drivable Distance on Earth?,Half as Interesting,HalfasInteresting,2.94M subscribers,8.1M views,8100000,9 years ago,4:46,top,4,thumbs/HalfasInteresting/top4_o1bIKvHDNWI.jpg,2026-09-30
vh6zanS_epw,The Glitch That Kept Sending The FBI To A Tiny Kansas Farm,Half as Interesting,HalfasInteresting,2.94M subscribers,7.4M views,7400000,4 years ago,5:36,top,5,thumbs/HalfasInteresting/top5_vh6zanS_epw.jpg,2026-09-30
WQYsmZ6AJdY,The US Army’s Universal Camouflage: A Terrible Mistake,Half as Interesting,HalfasInteresting,2.94M subscribers,7.4M views,7400000,3 years ago,6:26,top,6,thumbs/HalfasInteresting/top6_WQYsmZ6AJdY.jpg,2026-09-30
OGjBA4kv89U,Why This NYC Skyscraper Has Been Half-Finished Since 2018,Half as Interesting,HalfasInteresting,2.94M subscribers,173K,173000,3mo ago,6:02,weak_recent,1,thumbs/HalfasInteresting/weak1_OGjBA4kv89U.jpg,2026-09-30
umNgsvBnyVs,How Forensic Linguistics Works,Half as Interesting,HalfasInteresting,2.94M subscribers,190K,190000,4mo ago,7:16,weak_recent,2,thumbs/HalfasInteresting/weak2_umNgsvBnyVs.jpg,2026-09-30
_0U0YWsuFpU,Why This River Doesn’t Reach the Ocean,Half as Interesting,HalfasInteresting,2.94M subscribers,221K,221000,5mo ago,7:58,weak_recent,3,thumbs/HalfasInteresting/weak3__0U0YWsuFpU.jpg,2026-09-30
5Wq0yv73NpY,Zimbabwe’s Currency Crisis: the worthless $100 trillion bill,PolyMatter,Polymatter,1.93M subscribers,7.6M views,7600000,6 years ago,11:28,top,1,thumbs/Polymatter/top1_5Wq0yv73NpY.jpg,2026-09-30
yloJi635Ya8,Apple's Money Problem (& Why It Won't Buy Netflix),PolyMatter,Polymatter,1.93M subscribers,5.8M views,5800000,8 years ago,8:04,top,2,thumbs/Polymatter/top2_yloJi635Ya8.jpg,2026-09-30
Fg7jIjmLyWs,Why China Ended its One-Child Policy,PolyMatter,Polymatter,1.93M subscribers,5.2M views,5200000,7 years ago,11:35,top,3,thumbs/Polymatter/top3_Fg7jIjmLyWs.jpg,2026-09-30
ZY1BFv8qEeM,How Cruise Ships Work,PolyMatter,Polymatter,1.93M subscribers,5.1M views,5100000,8 years ago,8:00,top,4,thumbs/Polymatter/top4_ZY1BFv8qEeM.jpg,2026-09-30
YDvXOHjV4UM,How North Korea Makes Money,PolyMatter,Polymatter,1.93M subscribers,5M views,5000000,6 years ago,13:02,top,5,thumbs/Polymatter/top5_YDvXOHjV4UM.jpg,2026-09-30
mviTS_cIWXg,Why Bing Isn't a Failure (& the Future of the Internet),PolyMatter,Polymatter,1.93M subscribers,4.7M views,4700000,8 years ago,10:23,top,6,thumbs/Polymatter/top6_mviTS_cIWXg.jpg,2026-09-30
Y2v6rAK6pZs,Can Switzerland Stay Neutral?,PolyMatter,Polymatter,1.93M subscribers,112K,112000,4mo ago,17:30,weak_recent,1,thumbs/Polymatter/weak1_Y2v6rAK6pZs.jpg,2026-09-30
GpflQtqkQZ0,Are America’s Students Falling Behind?,PolyMatter,Polymatter,1.93M subscribers,123K,123000,8mo ago,12:45,weak_recent,2,thumbs/Polymatter/weak2_GpflQtqkQZ0.jpg,2026-09-30
E8e2sKgMbJA,Why Nepal Just Overthrew its Government,PolyMatter,Polymatter,1.93M subscribers,138K,138000,10mo ago,15:01,weak_recent,3,thumbs/Polymatter/weak3_E8e2sKgMbJA.jpg,2026-09-30
s9FCCiEs84k,Mustard – Ballin feat. Roddy Ricch (Audio),Mustard,Mustard,1.7M subscribers,61M views,61000000,7 years ago,3:01,top,1,thumbs/Mustard/top1_s9FCCiEs84k.jpg,2026-09-30
tQuJFJCtvPs,"Mustard – Baguettes In The Face feat. NAV, Playboi Carti, A Boogie wit da Hoodie (Audio)",Mustard,Mustard,1.7M subscribers,28M views,28000000,7 years ago,2:55,top,2,thumbs/Mustard/top2_tQuJFJCtvPs.jpg,2026-09-30
OcpdkenPD2Q,Mustard – Perfect Ten feat. Nipsey Hussle (Audio),Mustard,Mustard,1.7M subscribers,9.9M views,9900000,7 years ago,4:12,top,3,thumbs/Mustard/top3_OcpdkenPD2Q.jpg,2026-09-30
qyOcPYeFByA,Mustard - Parking Lot feat. Travis Scott (Official Music Video),Mustard,Mustard,1.7M subscribers,9.9M views,9900000,2 years ago,2:54,top,4,thumbs/Mustard/top4_qyOcPYeFByA.jpg,2026-09-30
n0zZ3mlsTI8,DJ Mustard - Don't Hurt Me (Feat. Nicki Minaj & Jeremih),Mustard,Mustard,1.7M subscribers,7.9M views,7900000,10 years ago,3:13,top,5,thumbs/Mustard/top5_n0zZ3mlsTI8.jpg,2026-09-30
50ugWtSmWOU,Mustard - Ghetto (feat. Young Thug & Lil Durk) [Official Music Video],Mustard,Mustard,1.7M subscribers,6.4M views,6400000,2 years ago,5:00,top,6,thumbs/Mustard/top6_50ugWtSmWOU.jpg,2026-09-30
qamuutiF85U,MUSTARD LIFE OF A SEX SYMBOL: EP 2,Mustard,Mustard,1.7M subscribers,20K,20000,4y ago,7:16,weak_recent,1,thumbs/Mustard/weak1_qamuutiF85U.jpg,2026-09-30
Yc9Dec6TQLs,Mustard - Parking Lot feat. Travis Scott (Pop-Up Video Version),Mustard,Mustard,1.7M subscribers,26K,26000,1y ago,2:54,weak_recent,2,thumbs/Mustard/weak2_Yc9Dec6TQLs.jpg,2026-09-30
dBE86hEXt2o,MUSTARD LIFE OF A SEX SYMBOL: EP 1,Mustard,Mustard,1.7M subscribers,27K,27000,4y ago,8:25,weak_recent,3,thumbs/Mustard/weak3_dBE86hEXt2o.jpg,2026-09-30
uK3OBAxCi6k,Your Job Achieves Nothing... (probably),How Money Works,HowMoneyWorks,1.75M subscribers,6.1M views,6100000,5 years ago,10:11,top,1,thumbs/HowMoneyWorks/top1_uK3OBAxCi6k.jpg,2026-09-30
bVM76YxNPjQ,How The Wolf of Wall Street Scam Actually Worked,How Money Works,HowMoneyWorks,1.75M subscribers,4.8M views,4800000,4 years ago,10:10,top,2,thumbs/HowMoneyWorks/top2_bVM76YxNPjQ.jpg,2026-09-30
1zjcZ661ups,If Nobody Can Afford A Home... Who's Going To Buy Them?,How Money Works,HowMoneyWorks,1.75M subscribers,4M views,4000000,3 years ago,11:36,top,3,thumbs/HowMoneyWorks/top3_1zjcZ661ups.jpg,2026-09-30
vT6qh72wCZk,The (Overdue) Collapse Of Short Term Rentals,How Money Works,HowMoneyWorks,1.75M subscribers,3.9M views,3900000,2 years ago,13:20,top,4,thumbs/HowMoneyWorks/top4_vT6qh72wCZk.jpg,2026-09-30
4hiVQf9MPzg,Here's Why You Want A Really Boring Job,How Money Works,HowMoneyWorks,1.75M subscribers,3.8M views,3800000,4 years ago,10:28,top,5,thumbs/HowMoneyWorks/top5_4hiVQf9MPzg.jpg,2026-09-30
2LiOOzEOrx8,The (Overdue) Collapse of the 9-5 Job,How Money Works,HowMoneyWorks,1.75M subscribers,3.3M views,3300000,2 years ago,11:23,top,6,thumbs/HowMoneyWorks/top6_2LiOOzEOrx8.jpg,2026-09-30
Ts26T7AEHS8,Why We (Probably) Shouldn't Give Iran $300 Billion Dollars,How Money Works,HowMoneyWorks,1.75M subscribers,287K,287000,3mo ago,19:41,weak_recent,1,thumbs/HowMoneyWorks/weak1_Ts26T7AEHS8.jpg,2026-09-30
e-2GoFws3yE,Why Haven't We Had That Oil Crisis... Yet?,How Money Works,HowMoneyWorks,1.75M subscribers,479K,479000,2mo ago,19:35,weak_recent,2,thumbs/HowMoneyWorks/weak2_e-2GoFws3yE.jpg,2026-09-30
THodtjsCTSI,Is America Chasing Away All Of Its Smart People?,How Money Works,HowMoneyWorks,1.75M subscribers,559K,559000,1mo ago,21:21,weak_recent,3,thumbs/HowMoneyWorks/weak3_THodtjsCTSI.jpg,2026-09-30
OdiUezHJNI0,D-Day From the German Perspective | Animated History (REMASTER IN DESCRIPTION),The Armchair Historian,TheArmchairHistorian,2.54M subscribers,8.4M views,8400000,7 years ago,10:52,top,1,thumbs/TheArmchairHistorian/top1_OdiUezHJNI0.jpg,2026-09-30
N8ZesKsbhJA,Life in German-Occupied France | Animated History,The Armchair Historian,TheArmchairHistorian,2.54M subscribers,7.6M views,7600000,6 years ago,14:45,top,2,thumbs/TheArmchairHistorian/top2_N8ZesKsbhJA.jpg,2026-09-30
EUTo1urxwPo,D-Day From the German Perspective | Animated History,The Armchair Historian,TheArmchairHistorian,2.54M subscribers,7.1M views,7100000,5 years ago,24:48,top,3,thumbs/TheArmchairHistorian/top3_EUTo1urxwPo.jpg,2026-09-30
_pgcFqraekE,Vietnam War from the North Vietnamese Perspective | Animated History,The Armchair Historian,TheArmchairHistorian,2.54M subscribers,6.1M views,6100000,5 years ago,19:36,top,4,thumbs/TheArmchairHistorian/top4__pgcFqraekE.jpg,2026-09-30
aQvd2uhpZRI,2001 Invasion of Afghanistan | Animated History (REMASTER IN DESCRIPTION),The Armchair Historian,TheArmchairHistorian,2.54M subscribers,5.7M views,5700000,6 years ago,19:33,top,5,thumbs/TheArmchairHistorian/top5_aQvd2uhpZRI.jpg,2026-09-30
yeHo-3Klmx0,The North African Campaign | Animated History,The Armchair Historian,TheArmchairHistorian,2.54M subscribers,5.4M views,5400000,7 years ago,41:40,top,6,thumbs/TheArmchairHistorian/top6_yeHo-3Klmx0.jpg,2026-09-30
nc4tcJL6-W0,British Tank Development in WWI,The Armchair Historian,TheArmchairHistorian,2.54M subscribers,107K,107000,5mo ago,13:43,weak_recent,1,thumbs/TheArmchairHistorian/weak1_nc4tcJL6-W0.jpg,2026-09-30
hqt96HLH6PM,WW1's Forgotten Middle Eastern Theater (Uncensored Version),The Armchair Historian,TheArmchairHistorian,2.54M subscribers,141K,141000,4mo ago,18:28,weak_recent,2,thumbs/TheArmchairHistorian/weak2_hqt96HLH6PM.jpg,2026-09-30
p-gleC7WxNY,Life in German-Occupied Poland (Uncensored Version),The Armchair Historian,TheArmchairHistorian,2.54M subscribers,166K,166000,6mo ago,18:33,weak_recent,3,thumbs/TheArmchairHistorian/weak3_p-gleC7WxNY.jpg,2026-09-30
yDiXQl7grPQ,"Do You Hear ""Yanny"" or ""Laurel""? (SOLVED with SCIENCE)",AsapSCIENCE,AsapSCIENCE,10.8M subscribers,68M views,68000000,8 years ago,2:59,top,1,thumbs/AsapSCIENCE/top1_yDiXQl7grPQ.jpg,2026-09-30
rz4Dd1I_fX0,The Periodic Table Song (2018 Update!) | SCIENCE SONGS,AsapSCIENCE,AsapSCIENCE,10.8M subscribers,64M views,64000000,8 years ago,3:05,top,2,thumbs/AsapSCIENCE/top2_rz4Dd1I_fX0.jpg,2026-09-30
VgVQKCcfwnU,The Periodic Table Song | SCIENCE SONGS,AsapSCIENCE,AsapSCIENCE,10.8M subscribers,36M views,36000000,10 years ago,2:54,top,3,thumbs/AsapSCIENCE/top3_VgVQKCcfwnU.jpg,2026-09-30
EiYm20F9WXU,How To Fall Asleep In 2 Minutes,AsapSCIENCE,AsapSCIENCE,10.8M subscribers,32M views,32000000,7 years ago,7:50,top,4,thumbs/AsapSCIENCE/top4_EiYm20F9WXU.jpg,2026-09-30
KMGUmcveQeg,This Is 200 Calories,AsapSCIENCE,AsapSCIENCE,10.8M subscribers,27M views,27000000,13 years ago,3:09,top,5,thumbs/AsapSCIENCE/top5_KMGUmcveQeg.jpg,2026-09-30
GU3JqoUDkjA,Is Masturbation Good For You?,AsapSCIENCE,AsapSCIENCE,10.8M subscribers,24M views,24000000,11 years ago,3:00,top,6,thumbs/AsapSCIENCE/top6_GU3JqoUDkjA.jpg,2026-09-30
mb4qfjuX0Lo,This substance could revolutionize human waste,AsapSCIENCE,AsapSCIENCE,10.8M subscribers,84K,84000,4mo ago,9:05,weak_recent,1,thumbs/AsapSCIENCE/weak1_mb4qfjuX0Lo.jpg,2026-09-30
Nz2Y0e7SgFY,The shoes that broke walking,AsapSCIENCE,AsapSCIENCE,10.8M subscribers,106K,106000,11mo ago,8:52,weak_recent,2,thumbs/AsapSCIENCE/weak2_Nz2Y0e7SgFY.jpg,2026-09-30
X74HAutp9LA,The twin experiment that broke genetics research,AsapSCIENCE,AsapSCIENCE,10.8M subscribers,197K,197000,3mo ago,16:13,weak_recent,3,thumbs/AsapSCIENCE/weak3_X74HAutp9LA.jpg,2026-09-30
wj0qx56cwOw,The Sex Lives of Early Humans,SciShow,SciShow,8.42M subscribers,12M views,12000000,14 years ago,3:58,top,1,thumbs/SciShow/top1_wj0qx56cwOw.jpg,2026-09-30
zz6v6OfoQvs,"The Deepest Hole in the World, And What We've Learned From It",SciShow,SciShow,8.42M subscribers,12M views,12000000,12 years ago,4:01,top,2,thumbs/SciShow/top2_zz6v6OfoQvs.jpg,2026-09-30
ckSoDW2-wrc,The 5 Most Dangerous Chemicals on Earth,SciShow,SciShow,8.42M subscribers,11M views,11000000,11 years ago,10:45,top,3,thumbs/SciShow/top3_ckSoDW2-wrc.jpg,2026-09-30
2z35_1e1MtI,The Deadliest Toxins on Earth,SciShow,SciShow,8.42M subscribers,9.8M views,9800000,13 years ago,10:46,top,4,thumbs/SciShow/top4_2z35_1e1MtI.jpg,2026-09-30
ex0URF-hWj4,Bananas Are Not What You Think | The Shocking Truth,SciShow,SciShow,8.42M subscribers,9.7M views,9700000,13 years ago,3:59,top,5,thumbs/SciShow/top5_ex0URF-hWj4.jpg,2026-09-30
-Wfu0GR-mE8,A Timeline of Life on Earth: 4 Billion Years of History,SciShow,SciShow,8.42M subscribers,8.4M views,8400000,9 years ago,36:05,top,6,thumbs/SciShow/top6_-Wfu0GR-mE8.jpg,2026-09-30
uSfJXecof4M,Why You Should Get Your DNA Sequenced After You Die,SciShow,SciShow,8.42M subscribers,145K,145000,4w ago,9:05,weak_recent,1,thumbs/SciShow/weak1_uSfJXecof4M.jpg,2026-09-30
AzTJx-XBXGg,4 Things We Can Learn From Explosions,SciShow,SciShow,8.42M subscribers,173K,173000,3w ago,11:13,weak_recent,2,thumbs/SciShow/weak2_AzTJx-XBXGg.jpg,2026-09-30
LLNaEJZx_uU,The Stinky Fish Sauce Ancient Romans Couldn’t Live Without,SciShow,SciShow,8.42M subscribers,179K,179000,3w ago,13:54,weak_recent,3,thumbs/SciShow/weak3_LLNaEJZx_uU.jpg,2026-09-30
pCBP4M08ndE,Cave Spider Roller Coaster - Animation vs. Minecraft Shorts Ep. 14,Alan Becker,AlanBecker,34.1M subscribers,537M views,537000000,7 years ago,7:35,top,1,thumbs/AlanBecker/top1_pCBP4M08ndE.jpg,2026-09-30
GW_fdXHOWp4,Animation vs. Minecraft (original),Alan Becker,AlanBecker,34.1M subscribers,351M views,351000000,10 years ago,16:30,top,2,thumbs/AlanBecker/top2_GW_fdXHOWp4.jpg,2026-09-30
sHFeuBlBUos,Animation vs. Minecraft Shorts Season 1 - All Episodes (1-14),Alan Becker,AlanBecker,34.1M subscribers,283M views,283000000,6 years ago,1:20:12,top,3,thumbs/AlanBecker/top3_sHFeuBlBUos.jpg,2026-09-30
c9DrryMw248,Note Blocks - Animation vs. Minecraft Shorts Ep. 5 (music by AaronGrooves),Alan Becker,AlanBecker,34.1M subscribers,236M views,236000000,8 years ago,5:55,top,4,thumbs/AlanBecker/top4_c9DrryMw248.jpg,2026-09-30
q4dANhP7BVg,Parkour - Animation vs. Minecraft Shorts Ep. 22,Alan Becker,AlanBecker,34.1M subscribers,209M views,209000000,5 years ago,17:16,top,5,thumbs/AlanBecker/top5_q4dANhP7BVg.jpg,2026-09-30
VWHTlq5Fcr8,Animation vs. Minecraft Shorts Season 3 - All Episodes (20-30),Alan Becker,AlanBecker,34.1M subscribers,208M views,208000000,3 years ago,2:27:26,top,6,thumbs/AlanBecker/top6_VWHTlq5Fcr8.jpg,2026-09-30
K4lvfmbMkcw,Animation VERSUS! - Reveal Trailer - Kickstarter,Alan Becker,AlanBecker,34.1M subscribers,5.9M,5900000,1y ago,2:59,weak_recent,1,thumbs/AlanBecker/weak1_K4lvfmbMkcw.jpg,2026-09-30
4XkapJvLDhA,An Actual Short Compilation - Season 3 (official),Alan Becker,AlanBecker,34.1M subscribers,9.2M,9200000,8mo ago,15:09,weak_recent,2,thumbs/AlanBecker/weak2_4XkapJvLDhA.jpg,2026-09-30
YPURifoeYfk,Beta - Animation vs. Minecraft Shorts Ep 0,Alan Becker,AlanBecker,34.1M subscribers,11M,11000000,1y ago,4:16,weak_recent,3,thumbs/AlanBecker/weak3_YPURifoeYfk.jpg,2026-09-30
C5OJJD3Eytk,"becoming smart is easy, actually","easy, actually",easyactually,1.14M subscribers,9.7M views,9700000,2 years ago,7:33,top,1,thumbs/easyactually/top1_C5OJJD3Eytk.jpg,2026-09-30
aiGlxpSCMD8,"losing weight is easy, actually","easy, actually",easyactually,1.14M subscribers,4.4M views,4400000,2 years ago,12:52,top,2,thumbs/easyactually/top2_aiGlxpSCMD8.jpg,2026-09-30
E6588DlZW-c,"learning a new language is easy, actually","easy, actually",easyactually,1.14M subscribers,4M views,4000000,2 years ago,8:03,top,3,thumbs/easyactually/top3_E6588DlZW-c.jpg,2026-09-30
K0QeSpu26wM,"quitting your youtube addiction is easy, actually","easy, actually",easyactually,1.14M subscribers,2.3M views,2300000,1 year ago,5:10,top,4,thumbs/easyactually/top4_K0QeSpu26wM.jpg,2026-09-30
9goOuIy8Ok4,"getting a personality is easy, actually","easy, actually",easyactually,1.14M subscribers,1.9M views,1900000,2 years ago,5:57,top,5,thumbs/easyactually/top5_9goOuIy8Ok4.jpg,2026-09-30
qkFYqY3vr84,"coding is easy, actually","easy, actually",easyactually,1.14M subscribers,1.7M views,1700000,1 year ago,9:48,top,6,thumbs/easyactually/top6_qkFYqY3vr84.jpg,2026-09-30
0UDhADj2Ljk,"building an app is easy, actually","easy, actually",easyactually,1.14M subscribers,61K,61000,3mo ago,9:19,weak_recent,1,thumbs/easyactually/weak1_0UDhADj2Ljk.jpg,2026-09-30
9Ff5LyP1IhY,"investing is easy, actually","easy, actually",easyactually,1.14M subscribers,135K,135000,9mo ago,10:35,weak_recent,2,thumbs/easyactually/weak2_9Ff5LyP1IhY.jpg,2026-09-30
iTfhdXFERu8,"not being insecure is easy, actually","easy, actually",easyactually,1.14M subscribers,181K,181000,10mo ago,8:25,weak_recent,3,thumbs/easyactually/weak3_iTfhdXFERu8.jpg,2026-09-30
Rb_x-3UGrfE,开着兰博基尼Aventador SV 去炸街! - CRAZY LOUD Lamborghini Aventador SV,Yellow Dude,YellowDude,248K subscribers,1.1M views,1100000,8 years ago,14:53,top,1,thumbs/YellowDude/top1_Rb_x-3UGrfE.jpg,2026-09-30
PxA8s5iYCTw,黑五促销送女朋友一台新宾利，她感动哭了！,Yellow Dude,YellowDude,248K subscribers,936K views,936000,7 years ago,16:09,top,2,thumbs/YellowDude/top2_PxA8s5iYCTw.jpg,2026-09-30
WsXBf2xzqdE,喜提人生第一台兰博基尼,Yellow Dude,YellowDude,248K subscribers,764K views,764000,8 years ago,11:11,top,3,thumbs/YellowDude/top3_WsXBf2xzqdE.jpg,2026-09-30
rtf4cHXSSWY,开着半个亿的拉法敞篷炸街，把警察都炸出来了！,Yellow Dude,YellowDude,248K subscribers,757K views,757000,6 years ago,11:03,top,4,thumbs/YellowDude/top4_rtf4cHXSSWY.jpg,2026-09-30
YqXFXx-PjUQ,"她送了我一台$400,000全新敞篷劳斯莱斯！不敢相信",Yellow Dude,YellowDude,248K subscribers,651K views,651000,7 years ago,12:09,top,5,thumbs/YellowDude/top5_YqXFXx-PjUQ.jpg,2026-09-30
RYZxNli-cGM,"开$2,700,000 帕加尼huayra炸翻整个停车场",Yellow Dude,YellowDude,248K subscribers,594K views,594000,7 years ago,16:24,top,6,thumbs/YellowDude/top6_RYZxNli-cGM.jpg,2026-09-30
DggBnYM0Hw4,历时一年零三个月，在禾木终于学会了滑雪,Yellow Dude,YellowDude,248K subscribers,2.8K,2800,1y ago,7:13,weak_recent,1,thumbs/YellowDude/weak1_DggBnYM0Hw4.jpg,2026-09-30
1geDNhbjqzw,体验日本轻井泽最值得住的温泉酒店-平松,Yellow Dude,YellowDude,248K subscribers,3.7K,3700,1y ago,7:36,weak_recent,2,thumbs/YellowDude/weak2_1geDNhbjqzw.jpg,2026-09-30
hvWOBTz6O4U,一天花一万块钱在东京能体验到什么样的生活？,Yellow Dude,YellowDude,248K subscribers,4.8K,4800,1y ago,6:28,weak_recent,3,thumbs/YellowDude/weak3_hvWOBTz6O4U.jpg,2026-09-30
my2FQK5hHic,Why Yakuza Don't Need to Hide,Tapakapa,Tapakapa,265K subscribers,5.3M views,5300000,9 years ago,4:43,top,1,thumbs/Tapakapa/top1_my2FQK5hHic.jpg,2026-09-30
OZliu-WRgLk,The Mafia Explained,Tapakapa,Tapakapa,265K subscribers,1.8M views,1800000,9 years ago,5:41,top,2,thumbs/Tapakapa/top2_OZliu-WRgLk.jpg,2026-09-30
1GaptwpNgW8,You Can't Just Leave.*,Tapakapa,Tapakapa,265K subscribers,1.5M views,1500000,4 years ago,15:25,top,3,thumbs/Tapakapa/top3_1GaptwpNgW8.jpg,2026-09-30
0Pqcwj4zI0k,Why South Korea Censors its Maps,Tapakapa,Tapakapa,265K subscribers,1.4M views,1400000,6 years ago,10:48,top,4,thumbs/Tapakapa/top4_0Pqcwj4zI0k.jpg,2026-09-30
BRNrrj03akw,This is the American Flag.*,Tapakapa,Tapakapa,265K subscribers,1.3M views,1300000,3 years ago,10:03,top,5,thumbs/Tapakapa/top5_BRNrrj03akw.jpg,2026-09-30
VHtdeYuN048,FOOTBALL in the DESERT?! - Qatar 2022,Tapakapa,Tapakapa,265K subscribers,997K views,997000,8 years ago,5:09,top,6,thumbs/Tapakapa/top6_VHtdeYuN048.jpg,2026-09-30
PqElHA64eEk,F1 explained real good*,Tapakapa,Tapakapa,265K subscribers,18K,18000,10mo ago,3:20,weak_recent,1,thumbs/Tapakapa/weak1_PqElHA64eEk.jpg,2026-09-30
hxFmj-Gqna8,vienna's public transport explained real good*,Tapakapa,Tapakapa,265K subscribers,36K,36000,7mo ago,4:11,weak_recent,2,thumbs/Tapakapa/weak2_hxFmj-Gqna8.jpg,2026-09-30
lRlxv28bDP8,When You Use The Same Flag Thrice.*,Tapakapa,Tapakapa,265K subscribers,87K,87000,1y ago,9:51,weak_recent,3,thumbs/Tapakapa/weak3_lRlxv28bDP8.jpg,2026-09-30
Xtxscxi83XA,Life is Short (How to Spend It Wisely),Productive Peter,ProductivePeter,531K subscribers,4.8M views,4800000,1 year ago,16:52,top,1,thumbs/ProductivePeter/top1_Xtxscxi83XA.jpg,2026-09-30
bB6sNC0-e1k,This Will Find You When You Need It Most,Productive Peter,ProductivePeter,531K subscribers,3.1M views,3100000,1 year ago,22:35,top,2,thumbs/ProductivePeter/top2_bB6sNC0-e1k.jpg,2026-09-30
MGXwxwYMgfU,Life Explained in 15 minutes,Productive Peter,ProductivePeter,531K subscribers,2.6M views,2600000,1 year ago,15:10,top,3,thumbs/ProductivePeter/top3_MGXwxwYMgfU.jpg,2026-09-30
xtGn6s7ljHk,8 things I did to stop wasting my evenings after work,Productive Peter,ProductivePeter,531K subscribers,1.8M views,1800000,1 year ago,19:29,top,4,thumbs/ProductivePeter/top4_xtGn6s7ljHk.jpg,2026-09-30
j4avMJ_hemk,"becoming social is easy, actually",Productive Peter,ProductivePeter,531K subscribers,1.5M views,1500000,1 year ago,28:04,top,5,thumbs/ProductivePeter/top5_j4avMJ_hemk.jpg,2026-09-30
q7K9SmJVfYo,What Actually Matters in Your 20s,Productive Peter,ProductivePeter,531K subscribers,1.3M views,1300000,1 year ago,30:21,top,6,thumbs/ProductivePeter/top6_q7K9SmJVfYo.jpg,2026-09-30
_sIpIwHwGuU,Why Nobody Talks About Gen X...,Productive Peter,ProductivePeter,531K subscribers,3.1K,3100,5mo ago,23:37,weak_recent,1,thumbs/ProductivePeter/weak1__sIpIwHwGuU.jpg,2026-09-30
AvwRQBTvZUc,Calm is power,Productive Peter,ProductivePeter,531K subscribers,5.6K,5600,4mo ago,21:51,weak_recent,2,thumbs/ProductivePeter/weak2_AvwRQBTvZUc.jpg,2026-09-30
-v3D8wNUUjk,How to STUDY so FAST it feels like CHEATING,Productive Peter,ProductivePeter,531K subscribers,5.9K,5900,3mo ago,24:29,weak_recent,3,thumbs/ProductivePeter/weak3_-v3D8wNUUjk.jpg,2026-09-30
WO5l2Siz8uU,Give Me 7 minutes and I'll Force You to Lock In This 2025,someunfilteredguy,someunfilteredguy,335K subscribers,3.9M views,3900000,1 year ago,7:14,top,1,thumbs/someunfilteredguy/top1_WO5l2Siz8uU.jpg,2026-09-30
ntsPz2nOC9s,How to Actually Master Small Talk Even if You're an Introvert,someunfilteredguy,someunfilteredguy,335K subscribers,3.1M views,3100000,1 year ago,8:31,top,2,thumbs/someunfilteredguy/top2_ntsPz2nOC9s.jpg,2026-09-30
1o3t5UlJhiA,"Not Giving a F*ck is simple, actually",someunfilteredguy,someunfilteredguy,335K subscribers,1.7M views,1700000,1 year ago,4:22,top,3,thumbs/someunfilteredguy/top3_1o3t5UlJhiA.jpg,2026-09-30
5ryCb5jvx4Q,How to Learn Anything Faster Than Everyone,someunfilteredguy,someunfilteredguy,335K subscribers,1.2M views,1200000,1 year ago,8:39,top,4,thumbs/someunfilteredguy/top4_5ryCb5jvx4Q.jpg,2026-09-30
BQc_uDiZfBc,The Question that changed my life as an introvert... forever.,someunfilteredguy,someunfilteredguy,335K subscribers,368K views,368000,1 year ago,6:35,top,5,thumbs/someunfilteredguy/top5_BQc_uDiZfBc.jpg,2026-09-30
AuB5BRwiX_s,"Stopping Procrastination is Ridiculously simple, actually",someunfilteredguy,someunfilteredguy,335K subscribers,310K views,310000,1 year ago,4:44,top,6,thumbs/someunfilteredguy/top6_AuB5BRwiX_s.jpg,2026-09-30
npH8_3GWPVg,The Art of Being Nonchalant,someunfilteredguy,someunfilteredguy,335K subscribers,20K,20000,3mo ago,7:06,weak_recent,1,thumbs/someunfilteredguy/weak1_npH8_3GWPVg.jpg,2026-09-30
NyJQBOFTIo0,"Getting a Job is simple, actually",someunfilteredguy,someunfilteredguy,335K subscribers,35K,35000,1y ago,8:09,weak_recent,2,thumbs/someunfilteredguy/weak2_NyJQBOFTIo0.jpg,2026-09-30
X9SxCayINkc,"Enjoying College is simple, actually",someunfilteredguy,someunfilteredguy,335K subscribers,41K,41000,1y ago,4:28,weak_recent,3,thumbs/someunfilteredguy/weak3_X9SxCayINkc.jpg,2026-09-30
WqJnoEb2f00,6 Physical Symptoms of Grief You Shouldn’t Ignore,Mind Known,MindKnown,21.6K subscribers,750K views,750000,2 years ago,8:02,top,1,thumbs/MindKnown/top1_WqJnoEb2f00.jpg,2026-09-30
0zrlKLgnov4,Polyvagal Theory Made Simple,Mind Known,MindKnown,21.6K subscribers,367K views,367000,2 years ago,9:02,top,2,thumbs/MindKnown/top2_0zrlKLgnov4.jpg,2026-09-30
DA0Pbe1Lz-c,9 Cognitive Distortions that can Cause Anxiety and Depression,Mind Known,MindKnown,21.6K subscribers,147K views,147000,4 years ago,5:31,top,3,thumbs/MindKnown/top3_DA0Pbe1Lz-c.jpg,2026-09-30
eKrPFBxhhvg,The 3 Levels of Autism Explained (Made Simple),Mind Known,MindKnown,21.6K subscribers,128K views,128000,2 months ago,14:06,top,4,thumbs/MindKnown/top4_eKrPFBxhhvg.jpg,2026-09-30
jb0oxpQAZv0,9 Cognitive Biases You Need to Avoid,Mind Known,MindKnown,21.6K subscribers,111K views,111000,3 years ago,8:12,top,5,thumbs/MindKnown/top5_jb0oxpQAZv0.jpg,2026-09-30
z76PqJeJUNQ,Catastrophizing: How to Stop Expecting the Worst,Mind Known,MindKnown,21.6K subscribers,75K views,75000,3 years ago,5:14,top,6,thumbs/MindKnown/top6_z76PqJeJUNQ.jpg,2026-09-30
4rBmgkSpVoQ,This Equation Explains Your Suffering,Mind Known,MindKnown,21.6K subscribers,286,286,3mo ago,8:02,weak_recent,1,thumbs/MindKnown/weak1_4rBmgkSpVoQ.jpg,2026-09-30
FWrwjhdqZP0,Why Smells Can Make You Feel Like a Loved One Is Still Here — The Neuroscience of Grief,Mind Known,MindKnown,21.6K subscribers,297,297,2mo ago,8:02,weak_recent,2,thumbs/MindKnown/weak2_FWrwjhdqZP0.jpg,2026-09-30
uJ1oJX4Dhrk,The Reason Your Negative Thoughts Keep Coming Back,Mind Known,MindKnown,21.6K subscribers,486,486,3mo ago,7:06,weak_recent,3,thumbs/MindKnown/weak3_uJ1oJX4Dhrk.jpg,2026-09-30
