font,category,cap_em,x_over_cap,stem_over_cap,e_ink_ratio,w/cap WHY DID IT FAIL?,maxcap_1280 WHY DID IT FAIL?,w/cap WHY IT FELL,maxcap_1280 WHY IT FELL,w/cap WHO SIGNED OFF?,maxcap_1280 WHO SIGNED OFF?
Lilita One,rounded heavy display,0.7,0.72,0.282,0.74,11.15,103,7.61,151,11.62,99
Titan One,rounded heavy display,0.71,0.82,0.394,0.77,12.3,93,8.67,132,12.95,88
Luckiest Guy,comic heavy display,0.715,0.97,0.325,0.71,10.19,113,7.3,157,11.07,104
Bangers,comic condensed caps,0.742,0.99,0.199,0.49,7.21,159,4.87,236,8.01,143
Chewy,comic rounded,0.76,0.73,0.214,0.68,8.83,130,6.1,188,8.97,128
Sigmar One,rounded slab heavy,0.675,0.87,0.533,0.8,15.2,75,10.62,108,15.7,73
Paytone One,rounded heavy sans,0.688,0.73,0.327,0.7,11.89,96,8.42,136,12.99,88
Bowlby One,heavy display,0.755,0.77,0.391,0.71,12.8,89,9.09,126,13.49,85
Passion One Black,heavy rounded condensed,0.622,0.77,0.454,0.84,11.62,99,8.0,143,12.43,92
Londrina Solid Black,hand-drawn heavy caps,0.718,0.72,0.286,0.74,8.18,140,6.08,189,8.98,128
Rowdies Bold,rounded bold,0.708,0.67,0.311,0.75,13.18,87,9.7,118,14.11,81
Coiny,rounded cartoon heavy,0.688,0.69,0.335,0.71,12.94,89,9.51,121,14.1,81
Sniglet ExtraBold,rounded playful,0.722,0.76,0.498,0.79,13.36,86,9.73,118,13.69,84
Fredoka 700,rounded geometric,0.7,0.75,0.261,0.74,11.24,102,8.44,136,12.3,93
Baloo 2 800,rounded friendly,0.625,0.81,0.28,0.7,12.08,95,8.68,132,13.2,87
Grandstander 900,kid-comic,0.655,0.92,0.309,0.73,11.13,103,7.72,149,12.0,96
Gluten 900,wobbly hand-drawn,0.652,0.86,0.464,0.76,15.19,75,10.98,104,15.7,73
Rubik 900,soft-cornered grotesque,0.7,0.74,0.368,0.77,12.35,93,8.9,129,13.35,86
Comic Neue Bold,comic text face,0.68,0.74,0.147,0.55,12.03,95,8.76,131,12.7,90
Anton,condensed grotesque,0.86,0.85,0.195,0.77,7.16,160,5.03,228,7.55,152
League Gothic,condensed grotesque,0.735,0.74,0.146,0.72,6.31,182,4.46,258,6.53,176
Bebas Neue,condensed caps,0.7,1.0,0.157,0.62,7.06,163,5.16,223,7.52,153
Oswald 700,condensed grotesque,0.81,0.71,0.222,0.76,8.52,135,5.9,195,8.98,128
Archivo Black,wide grotesque,0.688,0.77,0.32,0.71,14.01,82,10.31,111,15.03,76
Permanent Marker,marker hand-lettering,0.752,0.83,0.206,0.6,12.0,96,8.6,133,12.55,91
Patrick Hand,handwriting (thin),0.668,0.7,0.116,0.53,8.84,130,6.28,183,9.52,121
Kalam Bold,handwriting,0.732,0.71,0.191,0.6,11.18,103,7.77,148,11.4,101
Boogaloo,comic light,0.742,0.71,0.182,0.67,8.46,136,5.96,193,9.01,127
