font,target,cap30,cap40,cap50,cap60,cap70,cap80,cap90,cap100,cap120
Lilita One,168x94,1,3,6,6,5,5,5,5,5
Lilita One,246x138,4,5,5,5,5,5,5,5,5
Lilita One,360x202,5,5,5,5,5,5,5,5,5
Titan One,168x94,0,3,5,4,5,5,5,5,5
Titan One,246x138,5,4,4,5,5,5,5,5,5
Titan One,360x202,5,5,5,5,5,5,5,5,5
Luckiest Guy,168x94,0,1,4,4,4,5,5,4,4
Luckiest Guy,246x138,3,4,5,5,5,4,4,4,4
Luckiest Guy,360x202,5,4,4,4,4,4,4,5,4
Bangers,168x94,0,0,1,4,5,5,5,5,5
Bangers,246x138,0,4,5,5,5,5,5,5,5
Bangers,360x202,4,5,5,5,5,5,5,5,5
Paytone One,168x94,0,2,5,5,6,5,5,5,5
Paytone One,246x138,4,6,5,5,5,5,5,5,5
Paytone One,360x202,5,5,5,5,5,5,5,5,5
Bowlby One,168x94,1,1,5,4,4,5,4,5,5
Bowlby One,246x138,3,4,5,5,4,4,4,5,5
Bowlby One,360x202,3,4,5,5,5,4,5,4,4
Passion One Black,168x94,0,2,4,2,3,2,1,3,2
Passion One Black,246x138,2,2,1,3,4,3,4,3,4
Passion One Black,360x202,2,3,3,5,4,5,4,4,4
Londrina Solid Black,168x94,0,0,5,5,4,5,4,5,5
Londrina Solid Black,246x138,4,4,5,5,4,5,6,5,5
Londrina Solid Black,360x202,4,5,5,5,5,5,5,5,5
Fredoka 700,168x94,1,5,4,6,5,5,5,5,5
Fredoka 700,246x138,4,6,5,5,5,5,5,5,5
Fredoka 700,360x202,5,5,6,6,5,5,5,5,5
Baloo 2 800,168x94,1,4,6,6,5,5,5,5,5
Baloo 2 800,246x138,5,5,5,5,5,5,5,5,5
Baloo 2 800,360x202,5,5,5,5,5,5,5,5,5
Rubik 900,168x94,1,4,4,5,5,6,5,6,6
Rubik 900,246x138,4,5,5,6,6,6,6,5,6
Rubik 900,360x202,4,6,5,6,5,5,5,5,5
Comic Neue Bold,168x94,0,2,5,6,6,6,6,6,6
Comic Neue Bold,246x138,5,6,6,6,6,6,6,6,6
Comic Neue Bold,360x202,5,6,6,6,6,6,6,6,6
Anton,168x94,0,0,3,3,5,5,5,5,5
Anton,246x138,1,3,5,5,5,5,5,5,5
Anton,360x202,4,5,5,5,5,5,5,5,5
League Gothic,168x94,0,0,4,5,5,6,6,6,6
League Gothic,246x138,0,2,5,6,6,6,6,6,6
League Gothic,360x202,5,6,6,6,6,6,6,6,6
Permanent Marker,168x94,0,3,5,5,4,4,4,6,5
Permanent Marker,246x138,2,4,6,5,5,5,5,6,5
Permanent Marker,360x202,4,5,5,6,6,6,6,5,5
Patrick Hand,168x94,0,2,4,6,6,6,4,6,5
Patrick Hand,246x138,3,6,6,5,6,6,5,5,5
Patrick Hand,360x202,5,6,4,5,5,5,5,5,5
