a,b,hexa,hexb,wcag,dL,dE76,dE2000,apca_a_on_b,apca_b_on_a,dE2000_protan,dL_protan,dE2000_deutan,dL_deutan,dE2000_tritan,dL_tritan,dE2000_min_cvd
ink,white,#1a1a1a,#ffffff,17.4,90.7,90.7,86.4,104.3,-106.5,86.4,90.7,86.4,90.7,86.4,90.7,86.4
ink,paper,#1a1a1a,#f3ead8,14.56,83.7,84.3,83.7,92.3,-93.3,83.3,83.1,84.0,84.0,83.6,83.6,83.3
ink,sky,#1a1a1a,#bfe2ea,12.67,78.4,79.4,78.8,83.7,-84.0,79.5,79.6,77.0,77.5,79.7,78.6,77.0
ink,grn_l,#1a1a1a,#8fbf5a,8.1,62.9,84.2,61.2,60.1,-58.8,61.6,63.6,59.4,62.4,57.5,62.4,57.5
ink,grn_d,#1a1a1a,#4f7d3a,3.59,38.5,57.5,37.3,28.8,-26.8,36.3,39.5,33.7,37.8,33.4,38.2,33.4
ink,brown,#1a1a1a,#9a6b43,3.78,40.0,51.8,36.5,30.4,-28.5,33.1,37.5,36.9,41.4,37.3,39.8,33.1
ink,tan,#1a1a1a,#d2b48c,8.82,65.7,70.3,61.8,64.1,-63.0,59.4,64.1,62.8,66.6,61.7,65.5,59.4
ink,amber,#1a1a1a,#e6b23a,8.95,66.2,93.0,65.8,65.0,-63.9,62.3,63.1,67.8,67.9,63.7,65.7,62.3
ink,red,#1a1a1a,#d94a38,4.13,42.5,80.7,42.8,34.3,-32.3,31.4,34.6,43.8,46.9,43.7,42.3,31.4
white,paper,#ffffff,#f3ead8,1.2,7.0,12.1,9.1,-11.1,9.5,9.1,7.6,9.4,6.7,8.4,7.1,8.4
white,sky,#ffffff,#bfe2ea,1.37,12.3,17.5,14.1,-20.9,18.3,8.8,11.2,11.1,13.2,17.7,12.1,8.8
white,grn_l,#ffffff,#8fbf5a,2.15,27.9,62.5,31.0,-46.8,42.1,29.7,27.1,28.7,28.4,24.2,28.3,24.2
white,grn_d,#ffffff,#4f7d3a,4.85,52.2,67.4,45.0,-78.9,73.5,42.7,51.2,43.1,52.9,42.3,52.5,42.3
white,brown,#ffffff,#9a6b43,4.61,50.8,60.5,42.2,-77.3,71.9,43.2,53.3,40.3,49.3,43.2,51.0,40.3
white,tan,#ffffff,#d2b48c,1.97,25.0,35.3,22.8,-42.4,38.0,23.2,26.7,22.3,24.2,23.6,25.2,22.3
white,amber,#ffffff,#e6b23a,1.95,24.6,69.8,30.8,-41.5,37.2,32.3,27.6,30.0,22.9,27.9,25.1,27.9
white,red,#ffffff,#d94a38,4.21,48.2,83.9,44.2,-73.5,68.0,46.1,56.1,38.4,43.9,45.4,48.5,38.4
paper,sky,#f3ead8,#bfe2ea,1.15,5.3,20.8,17.9,-7.7,0.0,14.2,3.5,17.5,6.5,26.0,5.1,14.2
paper,grn_l,#f3ead8,#8fbf5a,1.8,20.8,52.7,25.7,-33.6,30.1,22.1,19.5,20.8,21.7,29.1,21.2,20.8
paper,grn_d,#f3ead8,#4f7d3a,4.06,45.2,57.8,40.0,-65.7,61.5,36.1,43.6,37.0,46.2,44.0,45.4,36.1
paper,brown,#f3ead8,#9a6b43,3.86,43.7,50.1,36.5,-64.1,59.9,36.9,45.7,34.0,42.6,36.9,43.9,34.0
paper,tan,#f3ead8,#d2b48c,1.65,18.0,23.7,15.2,-29.2,26.0,15.2,19.0,14.1,17.5,16.0,18.1,14.1
paper,amber,#f3ead8,#e6b23a,1.63,17.5,58.3,23.8,-28.3,25.2,25.2,20.0,22.7,16.1,20.7,18.0,20.7
paper,red,#f3ead8,#d94a38,3.52,41.2,75.4,41.4,-60.3,56.0,39.9,48.5,31.4,37.2,40.2,41.4,31.4
sky,grn_l,#bfe2ea,#8fbf5a,1.56,15.6,59.9,31.8,-24.2,21.5,32.8,16.0,33.1,15.2,12.8,16.2,12.8
sky,grn_d,#bfe2ea,#4f7d3a,3.53,39.9,59.1,40.8,-56.4,52.9,41.5,40.1,41.8,39.7,32.4,40.4,32.4
sky,brown,#bfe2ea,#9a6b43,3.35,38.4,58.8,42.8,-54.7,51.2,41.2,42.1,39.7,36.1,50.5,38.8,39.7
sky,tan,#bfe2ea,#d2b48c,1.44,12.7,37.6,27.5,-19.8,17.4,24.6,15.5,26.3,11.0,38.1,13.1,24.6
sky,amber,#bfe2ea,#e6b23a,1.42,12.2,75.7,36.1,-18.9,16.6,35.7,16.4,36.4,9.6,41.2,12.9,35.7
sky,red,#bfe2ea,#d94a38,3.06,35.9,88.6,51.6,-50.9,47.4,44.1,45.0,39.7,30.6,56.9,36.3,39.7
grn_l,grn_d,#8fbf5a,#4f7d3a,2.26,24.3,28.3,22.0,-31.2,29.3,21.6,24.1,22.4,24.6,21.6,24.2,21.6
grn_l,brown,#8fbf5a,#9a6b43,2.14,22.9,54.5,37.2,-29.6,27.7,24.7,26.2,18.7,21.0,45.1,22.7,18.7
grn_l,tan,#8fbf5a,#d2b48c,1.09,2.9,43.3,23.6,0.0,0.0,10.4,0.4,7.8,4.2,37.1,3.1,7.8
grn_l,amber,#8fbf5a,#e6b23a,1.11,3.3,45.0,25.8,0.0,0.0,4.3,0.5,7.4,5.5,40.5,3.2,4.3
grn_l,red,#8fbf5a,#d94a38,1.96,20.4,90.1,59.0,-25.7,23.8,27.2,29.0,13.0,15.5,53.7,20.2,13.0
grn_d,brown,#4f7d3a,#9a6b43,1.05,1.4,43.2,30.7,0.0,0.0,4.2,2.1,3.7,3.6,41.4,1.6,3.7
grn_d,tan,#4f7d3a,#d2b48c,2.46,27.2,44.1,32.7,33.4,-35.4,22.0,24.6,24.9,28.8,44.8,27.3,22.0
grn_d,amber,#4f7d3a,#e6b23a,2.49,27.6,56.8,36.0,34.2,-36.3,22.6,23.6,28.0,30.1,47.7,27.5,22.6
grn_d,red,#4f7d3a,#d94a38,1.15,4.0,84.6,54.5,0.0,0.0,5.5,4.9,10.9,9.1,52.1,4.1,5.5
brown,tan,#9a6b43,#d2b48c,2.34,25.7,27.8,23.0,31.7,-33.8,23.5,26.6,21.3,25.2,22.7,25.7,21.3
brown,amber,#9a6b43,#e6b23a,2.37,26.2,44.3,26.7,32.6,-34.7,26.1,25.7,24.4,26.5,22.4,25.9,22.4
brown,red,#9a6b43,#d94a38,1.09,2.5,42.4,18.9,0.0,0.0,2.9,2.9,7.6,5.5,14.5,2.5,2.9
tan,amber,#d2b48c,#e6b23a,1.01,0.5,40.6,13.6,0.0,0.0,14.4,0.9,13.0,1.3,7.7,0.2,7.7
tan,red,#d2b48c,#d94a38,2.14,23.2,57.5,31.6,-30.0,27.8,26.6,29.5,17.9,19.7,27.1,23.2,17.9
amber,red,#e6b23a,#d94a38,2.16,23.7,58.0,38.2,-30.9,28.7,28.4,28.6,17.7,21.0,23.3,23.4,17.7
