story,query,rank,video_id,title,channel,views,published,length,is_question,fetched
Comet airliner 1954,de havilland comet disaster,1,cSyKHiZPCCI,Seconds from disaster S3E8 Comet air crash,A normal channel,1001,10mo ago,47:02,False,2026-10-01
Comet airliner 1954,de havilland comet disaster,2,FPP1YQmSNnU,What Really Caused The Comet Crashes? (BOAC Flight 781 & SAA Flight 201) - DISASTER BREAKDOWN,Disaster Breakdown,384374,3y ago,26:50,True,2026-10-01
Comet airliner 1954,de havilland comet disaster,3,_BZnn5OYcBc,The Crash of the De Havilland Comet,SFD Clips,334523,13y ago,2:37,False,2026-10-01
Comet airliner 1954,de havilland comet disaster,4,ccGPQdhf6Ho,Seconds from disaster comet air crash,MB,684179,12y ago,49:45,False,2026-10-01
Comet airliner 1954,de havilland comet disaster,5,-DjnG74DDno,YOU have Misunderstood The De Havilland Comet. It Wasn’t the Windows!,Mentour Now!,658262,3y ago,21:58,False,2026-10-01
Comet airliner 1954,de havilland comet disaster,6,YVvKk-rGJME,A Brief History of: The de Havilland Comet Design Disaster 1954 (Documentary),Plainly Difficult,542953,4y ago,19:10,False,2026-10-01
Comet airliner 1954,de havilland comet disaster,7,yz5PhoPSwik,Katastrofy Lotnicze   De Havilland Comet [360p],Dokumenty,1922,7y ago,45:49,False,2026-10-01
Comet airliner 1954,de havilland comet disaster,8,w-yWoFMqfbY,Dehavilland Comet ( Flight 781) Mid Air Explosion Air Crash Investigation Documentary,Carole Fowler,12316,9y ago,1:15:41,False,2026-10-01
Comet airliner 1954,de havilland comet disaster,9,0Yyb7RK01X8,What Happened to G-ACSS? The Old Warden Incident,Solent Ship Spotting UK,30866,1mo ago,0:29,True,2026-10-01
Comet airliner 1954,de havilland comet disaster,10,tMhPT-prHP0,Why Britain's Jets Fell From the Sky: The De Havilland Comet Story,Airliner Designs with Mike Brady,398057,4mo ago,52:39,False,2026-10-01
Comet airliner 1954,why did the comet airliner crash,1,tMhPT-prHP0,Why Britain's Jets Fell From the Sky: The De Havilland Comet Story,Airliner Designs with Mike Brady,398057,4mo ago,52:39,False,2026-10-01
Comet airliner 1954,why did the comet airliner crash,2,YVvKk-rGJME,A Brief History of: The de Havilland Comet Design Disaster 1954 (Documentary),Plainly Difficult,542953,4y ago,19:10,False,2026-10-01
Comet airliner 1954,why did the comet airliner crash,3,-DjnG74DDno,YOU have Misunderstood The De Havilland Comet. It Wasn’t the Windows!,Mentour Now!,658262,3y ago,21:58,False,2026-10-01
Comet airliner 1954,why did the comet airliner crash,4,v0Cg2ZeYa5E,Why You Wouldn't Want to Fly The First Jet Airliner: De Havilland Comet Story,Mustard,6474949,8y ago,10:00,False,2026-10-01
Comet airliner 1954,why did the comet airliner crash,5,FPP1YQmSNnU,What Really Caused The Comet Crashes? (BOAC Flight 781 & SAA Flight 201) - DISASTER BREAKDOWN,Disaster Breakdown,384374,3y ago,26:50,True,2026-10-01
Comet airliner 1954,why did the comet airliner crash,6,cSyKHiZPCCI,Seconds from disaster S3E8 Comet air crash,A normal channel,1001,10mo ago,47:02,False,2026-10-01
Comet airliner 1954,why did the comet airliner crash,7,hOk7vRkrcpw,"DH88 Comet: History, Legacy and Crash",World of Warbirds,22328,1mo ago,15:30,False,2026-10-01
Comet airliner 1954,why did the comet airliner crash,8,RJJti0szzAg,Why the First Jet Airliner Was a Disaster!,Swiss001,70384,1y ago,8:46,False,2026-10-01
Comet airliner 1954,why did the comet airliner crash,9,ccGPQdhf6Ho,Seconds from disaster comet air crash,MB,684179,12y ago,49:45,False,2026-10-01
Comet airliner 1954,why did the comet airliner crash,10,YfVsbCyNenY,The Engineering Error That Killed 99 Passengers,The Engineering Hub,108114,3y ago,10:04,False,2026-10-01
Tacoma Narrows 1940,why did the tacoma narrows bridge collapse,1,mXTSnZgrfxM,Why the Tacoma Narrows Bridge Collapsed,Practical Engineering,1749116,8y ago,8:48,False,2026-10-01
Tacoma Narrows 1940,why did the tacoma narrows bridge collapse,2,XggxeuFDaDU,Tacoma Bridge Collapse: The Wobbliest Bridge in the World? (1940) | British Pathé,British Pathé,4442421,13y ago,1:13,True,2026-10-01
Tacoma Narrows 1940,why did the tacoma narrows bridge collapse,3,MDzhIZafL4I,The Tacoma Narrows Bridge Disaster | A Short Documentary | Fascinating Horror,Fascinating Horror,791425,5y ago,9:41,False,2026-10-01
Tacoma Narrows 1940,why did the tacoma narrows bridge collapse,4,6ai2QFxStxo,The Tacoma Narrows Fallacy,minutephysics,844451,14y ago,1:55,False,2026-10-01
Tacoma Narrows 1940,why did the tacoma narrows bridge collapse,5,RX2F1VpkZTo,Engineer Explains Tacoma Narrows Bridge Collapse,Engineer Khan,2856,2y ago,6:00,False,2026-10-01
Tacoma Narrows 1940,why did the tacoma narrows bridge collapse,6,fHsLlTPpqeg,Galloping Gertie: The Collapse of the Tacoma Narrows Bridge,Washington State Historical Society,118339,9y ago,10:14,False,2026-10-01
Tacoma Narrows 1940,why did the tacoma narrows bridge collapse,7,KogpyCUecLk,The Bridge That Shook Itself to Death,Sideprojects,118514,5y ago,11:50,False,2026-10-01
Tacoma Narrows 1940,why did the tacoma narrows bridge collapse,8,Zvx7Dz9e0h0,Engineering Mistakes Behind the Tacoma Narrows Bridge Collapse | 3D Explanation 😱   @AtriumExplores ,Mehev.,126,5mo ago,4:58,False,2026-10-01
Tacoma Narrows 1940,why did the tacoma narrows bridge collapse,9,fMsjyQHtmiU,Brief history of: The Tacoma Narrows Bridge Collapse (1940),Plainly Difficult,238533,7y ago,12:25,False,2026-10-01
Tacoma Narrows 1940,why did the tacoma narrows bridge collapse,10,y0xohjV7Avo,"The Collapse of ""Galloping Gertie"" (The Tacoma Narrows Bridge)",Smithsonian National Air and Space Museum,445066,6y ago,1:15,False,2026-10-01
Tacoma Narrows 1940,tacoma narrows bridge collapse,1,XggxeuFDaDU,Tacoma Bridge Collapse: The Wobbliest Bridge in the World? (1940) | British Pathé,British Pathé,4442421,13y ago,1:13,True,2026-10-01
Tacoma Narrows 1940,tacoma narrows bridge collapse,2,esfpcnQW6qs,Tacoma Narrows Bridge Collapse (Sound Version) (Standard 4:3) (1940),Time Capsule Project,289895,8y ago,2:36,False,2026-10-01
Tacoma Narrows 1940,tacoma narrows bridge collapse,3,3mclp9QmCGs,Tacoma Bridge,Simon Lespérance,7048972,20y ago,4:13,False,2026-10-01
Tacoma Narrows 1940,tacoma narrows bridge collapse,4,mXTSnZgrfxM,Why the Tacoma Narrows Bridge Collapsed,Practical Engineering,1749116,8y ago,8:48,False,2026-10-01
Tacoma Narrows 1940,tacoma narrows bridge collapse,5,lXyG68_caV4,Tacoma Narrows Bridge Collapse,Garrett Lenz,5838731,17y ago,4:26,False,2026-10-01
Tacoma Narrows 1940,tacoma narrows bridge collapse,6,j-zczJXSxnw,"Tacoma Narrows Bridge Collapse ""Gallopin' Gertie""",Tony C,15416901,19y ago,5:57,False,2026-10-01
Tacoma Narrows 1940,tacoma narrows bridge collapse,7,vHtiAA__wWw,Tacoma Narrows Bridge Collapse Caught on Camera (1940),You Asked For It,78257,2y ago,2:58,False,2026-10-01
Tacoma Narrows 1940,tacoma narrows bridge collapse,8,MDzhIZafL4I,The Tacoma Narrows Bridge Disaster | A Short Documentary | Fascinating Horror,Fascinating Horror,791425,5y ago,9:41,False,2026-10-01
Tacoma Narrows 1940,tacoma narrows bridge collapse,9,6ai2QFxStxo,The Tacoma Narrows Fallacy,minutephysics,844451,14y ago,1:55,False,2026-10-01
Tacoma Narrows 1940,tacoma narrows bridge collapse,10,dhstLKdlJGw,Tacoma Narrows Bridge Collapse (1940),Back to the Past,15494,4y ago,0:55,False,2026-10-01
Vajont 1963,vajont dam disaster,1,l1zZVGoKJO4,The Vajont Dam Disaster | A Short Documentary | Fascinating Horror,Fascinating Horror,1641226,3y ago,9:28,False,2026-10-01
Vajont 1963,vajont dam disaster,2,k06c8LduVog,Vajont Dam : The Deadliest Dam Tragedy in Human History,Sabin Civil Engineering,2819954,1y ago,12:15,False,2026-10-01
Vajont 1963,vajont dam disaster,3,EkHgP2NGHjc,Vajont Dam Disaster – 1963 - Simulation,The Last Minute Studios,18973,1y ago,1:10,False,2026-10-01
Vajont 1963,vajont dam disaster,4,NK2T_ICe8v8,3D SPH numerical simulation of the wave generated by the Vajont rockslide explanation.,DualSPHysics,455873,12y ago,0:30,False,2026-10-01
Vajont 1963,vajont dam disaster,5,rNLn7Exiq4s,The WAVE That Killed Thousands! ,Mentour's Black Box and Mentour Pilot,388639,5mo ago,36:12,False,2026-10-01
Vajont 1963,vajont dam disaster,6,Dou2r4fUFwg,The Vajont Dam Disaster - Italy 1963,The Raven's Eye,296670,3y ago,14:25,False,2026-10-01
Vajont 1963,vajont dam disaster,7,lkGnnc8Ezlk,One of the Worst Man-Made Disasters in History,Smithsonian Channel,11576098,8y ago,4:05,False,2026-10-01
Vajont 1963,vajont dam disaster,8,U_inRwdeQr0,Vajont Dam Disaster | Framepool,Framepool Stock Footage,53722,12y ago,2:40,False,2026-10-01
Vajont 1963,vajont dam disaster,9,dfeXMSy9c-s,Vajont Disaster | 9 October 1963 | FPV Drone,Luca Morandini,16141,4y ago,0:37,False,2026-10-01
Vajont 1963,vajont dam disaster,10,DghmL6HFiZQ,The Tsunami That Climbed a Mountain: The Vajont Dam Disaster.,CAUSUM,837,9mo ago,13:30,False,2026-10-01
Vajont 1963,why did the vajont dam fail,1,l1zZVGoKJO4,The Vajont Dam Disaster | A Short Documentary | Fascinating Horror,Fascinating Horror,1641226,3y ago,9:28,False,2026-10-01
Vajont 1963,why did the vajont dam fail,2,k06c8LduVog,Vajont Dam : The Deadliest Dam Tragedy in Human History,Sabin Civil Engineering,2819954,1y ago,12:15,False,2026-10-01
Vajont 1963,why did the vajont dam fail,3,Dou2r4fUFwg,The Vajont Dam Disaster - Italy 1963,The Raven's Eye,296670,3y ago,14:25,False,2026-10-01
Vajont 1963,why did the vajont dam fail,4,rNLn7Exiq4s,The WAVE That Killed Thousands! ,Mentour's Black Box and Mentour Pilot,388639,5mo ago,36:12,False,2026-10-01
Vajont 1963,why did the vajont dam fail,5,1puLDaQqBJk,The Vajont Disaster: Engineering’s Deadliest Miscalculation,Simply Ingenuity,633,8mo ago,38:09,False,2026-10-01
Vajont 1963,why did the vajont dam fail,6,7-WETHW-aFo,The Dam Didn't Fail. Everything Else Did. | The Vajont Disaster,AFTERCAUSE,33,1mo ago,8:16,False,2026-10-01
Vajont 1963,why did the vajont dam fail,7,Nq5CwyRZEBE,The Disaster Nobody Talks About | Vajont Dam,Hidden Origins,16,2mo ago,8:10,False,2026-10-01
Vajont 1963,why did the vajont dam fail,8,zVJyWzxjOMQ,The Dam That Didn’t Break | The Vajont Disaster,Dead Reckoning,15,2mo ago,8:28,False,2026-10-01
Vajont 1963,why did the vajont dam fail,9,Fxz1nqD_q1k,The Dam Survived — But the Valley Didn’t | Vajont Disaster,Failure Atlas,46,4w ago,4:50,False,2026-10-01
Vajont 1963,why did the vajont dam fail,10,j67x1ThnQqM,Vajont Dam Disaster: The Warnings That Failed to Stop the Wave,Axiom Tales,19,1mo ago,16:50,False,2026-10-01
Vasa 1628,why did the vasa sink,1,1a0PIhMpfLU,Why This 17th-Century Warship Was a Disastrous Failure,Smithsonian Channel,331967,6y ago,4:06,False,2026-10-01
Vasa 1628,why did the vasa sink,2,Phqk_vXby1w,A Sunken Treasure: The Warship Vasa,Europa Universalis,194286,2y ago,13:26,False,2026-10-01
Vasa 1628,why did the vasa sink,3,rZaBmWmFPWc,The Vasa Sank 20 Minutes Into Her Maiden Voyage — Here's Why,Wings & Wrecks,52,2mo ago,12:59,False,2026-10-01
Vasa 1628,why did the vasa sink,4,BD6sPrk7QL4,That is why the Vasa ship sank on its maiden voyage in 1628,Historia med Johan Romin,62975,5y ago,29:36,False,2026-10-01
Vasa 1628,why did the vasa sink,5,6IM3vZMlcsI,The Construction and the Sinking of the Vasa,Fäderneslandet,476639,7y ago,4:55,False,2026-10-01
Vasa 1628,why did the vasa sink,6,6UDsVi5m0HE,How Europe's Greatest Warship Was Destroyed by a Breeze,RealLifeLore,880013,5y ago,11:23,False,2026-10-01
Vasa 1628,why did the vasa sink,7,2pth7EcMs-Y,Why Did the Vasa Sink? Sweden's 1628 Warship Disaster,Top Qualifiers,2,5d ago,9:08,True,2026-10-01
Vasa 1628,why did the vasa sink,8,EZlaONo22QA,Why Did the Vasa Sink? The Swedish Warship Disaster of 1628,THE UNFAMILIAR PAST,129,1mo ago,15:20,True,2026-10-01
Vasa 1628,why did the vasa sink,9,JEEVvKql_lg,Who Sank the Vasa?,Atomic Frontier,364636,7y ago,6:51,True,2026-10-01
Vasa 1628,why did the vasa sink,10,OoHL8467ba8,Sinking of the Vasa,The History Guy: History Deserves to Be Remembered,93885,3y ago,14:04,False,2026-10-01
Vasa 1628,vasa ship,1,Phqk_vXby1w,A Sunken Treasure: The Warship Vasa,Europa Universalis,194286,2y ago,13:26,False,2026-10-01
Vasa 1628,vasa ship,2,UUT_qfjIoR8,The Incredible Story of Sweden's Vasa Warship (4K),Destinations of History,551868,8y ago,8:20,False,2026-10-01
Vasa 1628,vasa ship,3,qQKHKWd9Qvw,This ship was so unstable it's capsizing again… in a museum.,Luke O’Sullivan,2011433,5mo ago,14:43,False,2026-10-01
Vasa 1628,vasa ship,4,6if7ytrYZ6M,BBC Four HD Vasa The Ghost Ship (2024),DiMarco Documentaries,1558,10mo ago,59:03,False,2026-10-01
Vasa 1628,vasa ship,5,Shh2ECOb-fo,This Warship Sank in Minutes—And Was Raised Centuries Later,IT'S HISTORY,2609806,1y ago,31:05,False,2026-10-01
Vasa 1628,vasa ship,6,MmxSb5EQCMk,"How Arrogance Sank This ""Unsinkable"" Warship in Just 20 Minutes",Dead Signal,5846,1y ago,3:58,False,2026-10-01
Vasa 1628,vasa ship,7,45MZrExtQsU,The Insane Design of the Vasa Warship,RabbitWorks,493801,1mo ago,8:05,False,2026-10-01
Vasa 1628,vasa ship,8,yknLUNgMqOI,On board the Vasa - Episode 1,Vasamuseet,292374,3y ago,12:13,False,2026-10-01
Vasa 1628,vasa ship,9,6IM3vZMlcsI,The Construction and the Sinking of the Vasa,Fäderneslandet,476639,7y ago,4:55,False,2026-10-01
Vasa 1628,vasa ship,10,1a0PIhMpfLU,Why This 17th-Century Warship Was a Disastrous Failure,Smithsonian Channel,331967,6y ago,4:06,False,2026-10-01
Challenger 1986,why did challenger explode,1,BRK70foCSkk,What Caused the Space Shuttle Challenger Explosion? | Destruction Decoded| National Geographic UK,National Geographic UK,119258,1y ago,2:08,True,2026-10-01
Challenger 1986,why did challenger explode,2,kZmpYh5Wxto,The Challenger Space Shuttle Disaster - Explained (Minute by Minute),The Infographics Show,1771156,3y ago,27:42,False,2026-10-01
Challenger 1986,why did challenger explode,3,S9_aYPsiUTw,The Challenger Explosion Was So Much Worse Than You Think,Into the Shadows,1360852,2mo ago,25:21,False,2026-10-01
Challenger 1986,why did challenger explode,4,gC9yjRmvtY8,Space Shuttle Challenger O-Ring Failure Diagram | TheBlaze,TheBlazeNow,96814,10y ago,1:07,False,2026-10-01
Challenger 1986,why did challenger explode,5,Naf8iLzNMIY,What Happened to the Bodies of the Challenger Disaster Crew…,New Discovery,508080,2mo ago,28:23,False,2026-10-01
Challenger 1986,why did challenger explode,6,TJIXIhypGL0,The Space Shuttle Challenger Disaster Explained,Mr. Beat,515324,7y ago,6:57,False,2026-10-01
Challenger 1986,why did challenger explode,7,umeFUCqqpJ8,1986 Space Shuttle Challenger Disaster-Animation,Crash Animations,61299,4y ago,1:21,False,2026-10-01
Challenger 1986,why did challenger explode,8,fmbWorFLPOY,What really happened to the Challenger? Was it a preplanned disaster? | Dark History,Bailey Sarian,684087,2y ago,41:55,True,2026-10-01
Challenger 1986,why did challenger explode,9,uqcd_3daPQ8,Astronauts Likely Survived Challenger Explosion,WESH 2 News,8797428,15y ago,4:24,False,2026-10-01
Challenger 1986,why did challenger explode,10,gr2WO2Q-CJY,What caused the Space Shuttle Challenger Disaster? | What Went Wrong | Free Documentary,Free Documentary,370044,3y ago,48:14,True,2026-10-01
Challenger 1986,challenger disaster explained,1,TJIXIhypGL0,The Space Shuttle Challenger Disaster Explained,Mr. Beat,515324,7y ago,6:57,False,2026-10-01
Challenger 1986,challenger disaster explained,2,kZmpYh5Wxto,The Challenger Space Shuttle Disaster - Explained (Minute by Minute),The Infographics Show,1771156,3y ago,27:42,False,2026-10-01
Challenger 1986,challenger disaster explained,3,TFRWj2Kcsbc,The Challenger Disaster: What Went Wrong,Andy R Animations,327603,4mo ago,3:22:21,False,2026-10-01
Challenger 1986,challenger disaster explained,4,BRK70foCSkk,What Caused the Space Shuttle Challenger Explosion? | Destruction Decoded| National Geographic UK,National Geographic UK,119258,1y ago,2:08,True,2026-10-01
Challenger 1986,challenger disaster explained,5,gr2WO2Q-CJY,What caused the Space Shuttle Challenger Disaster? | What Went Wrong | Free Documentary,Free Documentary,370044,3y ago,48:14,True,2026-10-01
Challenger 1986,challenger disaster explained,6,KlpOYLJAGqA,How the Challenger Disaster Changed NASA,The Vintage Space,137045,8y ago,6:13,False,2026-10-01
Challenger 1986,challenger disaster explained,7,6JlSfB32sJo,"Space Shuttle Challenger Accident Investigation, Photo and TV Analysis Team Report (1987)",Cape Canaveral Space Force Museum,1456670,5y ago,29:14,False,2026-10-01
Challenger 1986,challenger disaster explained,8,-O_DMyHdq_M,Space Shuttle Challenger Disaster: Major Malfunction | Retro Report | The New York Times,The New York Times,2607541,12y ago,20:15,False,2026-10-01
Challenger 1986,challenger disaster explained,9,Fk8__CjzxEI,How the Space Shuttle Challenger Disaster Unfolded | I Was There (Season 1) | History,HISTORY,63847,4y ago,7:08,False,2026-10-01
Challenger 1986,challenger disaster explained,10,S9_aYPsiUTw,The Challenger Explosion Was So Much Worse Than You Think,Into the Shadows,1360852,2mo ago,25:21,False,2026-10-01
Northeast blackout 2003,what caused the 2003 blackout,1,KciAzYfXNwU,What Really Happened During the 2003 Blackout?,Practical Engineering,5530267,4y ago,20:39,True,2026-10-01
Northeast blackout 2003,what caused the 2003 blackout,2,SqJunmbxA58,The Software Bug That Blacked Out the Entire US Northeast,Half as Interesting,649303,4y ago,5:51,False,2026-10-01
Northeast blackout 2003,what caused the 2003 blackout,3,tv1IbFoxe3c,The Real Reason the 2003 Northeast Blackout Happened,Stronghold,8977,3mo ago,2:05,False,2026-10-01
Northeast blackout 2003,what caused the 2003 blackout,4,vE4qVQfr23s,2003 North American Blackout Causes and Impacts,BESA Research,101,1y ago,15:39,False,2026-10-01
Northeast blackout 2003,what caused the 2003 blackout,5,aTQpPQMo20U,The Northeast Blackout of 2003: A Massive Power Failure,American History 101,698,2y ago,1:42,False,2026-10-01
Northeast blackout 2003,what caused the 2003 blackout,6,nd3teNgUq8E,Blackout: The Power Outage That Left 50 Million W/o Electricity | Retro Report | The New York Times,The New York Times,1099241,12y ago,9:23,False,2026-10-01
Northeast blackout 2003,what caused the 2003 blackout,7,iReCAG7a0LY,"The 2003 Blackout Where 50,000,000 People Lost Power | Fascinating Horror",Fascinating Horror,538646,2y ago,12:45,False,2026-10-01
Northeast blackout 2003,what caused the 2003 blackout,8,v6Dn2MGMUP0,What the 2003 Blackout Revealed About the U.S. Power Grid | Retro Report,RETRO REPORT,5085,7mo ago,9:00,False,2026-10-01
Northeast blackout 2003,what caused the 2003 blackout,9,6OC4Affct-Y,America's big blackout 15 years later: How it happened,WKYC Channel 3,1350,8y ago,1:38,False,2026-10-01
Northeast blackout 2003,what caused the 2003 blackout,10,RhLS0S9wr0E,What Really Caused the 2003 Blackout?,Power Grid Today,10,1mo ago,5:02,True,2026-10-01
Northeast blackout 2003,2003 northeast blackout,1,Z-moEu9i5hE,The Alarm Database That Went Silent — The 2003 Northeast Blackout (,DatabaseHistory,513,2mo ago,1:23,False,2026-10-01
Northeast blackout 2003,2003 northeast blackout,2,uOSnQM1Zu4w,What Is A Black Start Of The Power Grid?,Practical Engineering,3120446,3y ago,17:06,True,2026-10-01
Northeast blackout 2003,2003 northeast blackout,3,5Zwbj6bQXdw,Screens Lied: 50 Million Lost Power in 2003 Blackout! #shorts,Base Config,111,1mo ago,1:52,False,2026-10-01
Northeast blackout 2003,2003 northeast blackout,4,7nA8lvmTDHQ,The 2003 Blackout Explained: Why It Grew as the Grid Protected Itself,The System Beneath,22,2w ago,29:45,False,2026-10-01
Northeast blackout 2003,2003 northeast blackout,5,DvIwetlvaqE,Why 50 Million Lost Power: The 2003 Blackout,Veilig Online met Niels,126,2w ago,12:33,False,2026-10-01
Northeast blackout 2003,2003 northeast blackout,6,rTTgnSVayHk,Frozen control room computers left grid operators blind during the 2003 Northeast blackout.,Power Grid Files,35,1mo ago,0:34,False,2026-10-01
Northeast blackout 2003,2003 northeast blackout,7,_OpC4fH3mEk,How Long Would Society Last During a Total Grid Collapse?,Practical Engineering,4051971,3y ago,14:57,True,2026-10-01
Northeast blackout 2003,2003 northeast blackout,8,cDxz90wPHKY,"How the Power Grid Works, and How It Fails in Seconds",The Underworks,5,1d ago,10:16,False,2026-10-01
Northeast blackout 2003,2003 northeast blackout,9,bpOdUbuFTRk,One Software Bug Put 55 Million People In The Dark. #Shorts,DISASTER MECHANICS,1016,2mo ago,0:57,False,2026-10-01
Northeast blackout 2003,2003 northeast blackout,10,fkyjd7PMgHg,The 2003 Blackout Started With a Silent Alarm,The Forensic Dossier HQ,146,1mo ago,0:26,False,2026-10-01
Galaxy Note 7 2016,why did the galaxy note 7 explode,1,mnpF7p37x3I,Samsung explains why the Galaxy Note 7 exploded,CNET,223087,9y ago,2:10,False,2026-10-01
Galaxy Note 7 2016,why did the galaxy note 7 explode,2,b0-WXHKKGUY,NOW WE KNOW - Why The Samsung Note 7 Batteries Exploded,ThioJoe,130258,9y ago,9:33,False,2026-10-01
Galaxy Note 7 2016,why did the galaxy note 7 explode,3,OXJ1NbWfmZE,Why Samsung Galaxy Note 7 batteries kept exploding,Business Insider,42151,9y ago,0:50,False,2026-10-01
Galaxy Note 7 2016,why did the galaxy note 7 explode,4,P2P8tWumYs0,Testing the BANNED Galaxy Note 7 in 2026... will it EXPLODE?,Smokin' Silicon,59398,4mo ago,11:41,True,2026-10-01
Galaxy Note 7 2016,why did the galaxy note 7 explode,5,rrQQBo8Pv5A,Samsungs Verdict on the Note 7 - What REALLY went wrong?,JerryRigEverything,1402206,9y ago,4:38,True,2026-10-01
Galaxy Note 7 2016,why did the galaxy note 7 explode,6,_Cd2WIxKRDk,Note 7 Battery Explosion!! CAUGHT LIVE ON CAMERA!!,JerryRigEverything,14598030,10y ago,4:27,False,2026-10-01
Galaxy Note 7 2016,why did the galaxy note 7 explode,7,OfM0GqsIB6c,Samsung phones are Blowing Up - Here’s Why.,Mrwhosetheboss,7933614,4y ago,10:06,False,2026-10-01
Galaxy Note 7 2016,why did the galaxy note 7 explode,8,3a03VkKrnz8,Can the Samsung Galaxy Note 7 Really Explode?,TechRax,4780693,9y ago,7:28,True,2026-10-01
Galaxy Note 7 2016,why did the galaxy note 7 explode,9,5Ka-iVNTs84,Note 7 Explosion in the box!,Matos telemóveis Tecnocel Viana,100634,9y ago,0:08,False,2026-10-01
Galaxy Note 7 2016,why did the galaxy note 7 explode,10,oO4VgwCVDAU,Why The Galaxy Note 7 Failed,Owen Cook,26662,2y ago,7:15,False,2026-10-01
Galaxy Note 7 2016,galaxy note 7,1,wkO99r5dMIg,Samsung Doesn’t Want Me To Own This Phone - Galaxy Note7 - 10 Years Later,Hugh Jeffreys,150387,4mo ago,8:20,False,2026-10-01
Galaxy Note 7 2016,galaxy note 7,2,bWIRPUJGtU4,Samsung Galaxy Note7 review,GSMArena Official,180548,10y ago,7:39,False,2026-10-01
Galaxy Note 7 2016,galaxy note 7,3,bD7u2uD3VdQ,Samsung Galaxy Note7: Official TVC,Samsung Galaxy,24426,10y ago,0:32,False,2026-10-01
Galaxy Note 7 2016,galaxy note 7,4,Epft0rjd_-Q,Is the Galaxy Note 7 Worth It in 2026?,CHANNEL RAMBLE,341713,8mo ago,10:09,True,2026-10-01
Galaxy Note 7 2016,galaxy note 7,5,ocJ2Cxv0Ggw,"Restoring the ""explosive"" RECALLED Galaxy Note7",Hugh Jeffreys,1793942,6y ago,15:43,False,2026-10-01
Galaxy Note 7 2016,galaxy note 7,6,wDZyaRk8jEc,Samsung Galaxy Note7 Commercial,The Phone Commercials HD,220326,10y ago,0:31,False,2026-10-01
Galaxy Note 7 2016,galaxy note 7,7,oO4VgwCVDAU,Why The Galaxy Note 7 Failed,Owen Cook,26662,2y ago,7:15,False,2026-10-01
Galaxy Note 7 2016,galaxy note 7,8,P2P8tWumYs0,Testing the BANNED Galaxy Note 7 in 2026... will it EXPLODE?,Smokin' Silicon,59398,4mo ago,11:41,True,2026-10-01
Galaxy Note 7 2016,galaxy note 7,9,3a03VkKrnz8,Can the Samsung Galaxy Note 7 Really Explode?,TechRax,4780693,9y ago,7:28,True,2026-10-01
Galaxy Note 7 2016,galaxy note 7,10,rrQQBo8Pv5A,Samsungs Verdict on the Note 7 - What REALLY went wrong?,JerryRigEverything,1402206,9y ago,4:38,True,2026-10-01
Quebec Bridge 1907,quebec bridge collapse,1,e4DTMe0huXM,Ego in Engineering: The Quebec Bridge Collapse,Brick Immortar,678400,5y ago,14:48,False,2026-10-01
Quebec Bridge 1907,quebec bridge collapse,2,7L0ewh5fhoE,Quebec Bridge Disaster | The Bridge that Collapsed Twice | Disaster Documentary,Mode of Horror,26690,3y ago,19:47,False,2026-10-01
Quebec Bridge 1907,quebec bridge collapse,3,EewOu8Ej2X8,The Bridge That Collapsed Twice: The Tragedy of the Quebec Bridge,That's Bizarre,419,1y ago,2:41,False,2026-10-01
Quebec Bridge 1907,quebec bridge collapse,4,xk1xEctDK0k,Disasters of the Century | Season 3 | Episode 12 | Quebec Bridge Disaster | Ian Michael Coulson,Serial Chill Zone,386836,10y ago,21:56,False,2026-10-01
Quebec Bridge 1907,quebec bridge collapse,5,gub-gSSzLlM,The Quebec Bridge Disaster: Engineering Failures,Steven the Engineer,1965,3y ago,2:41,False,2026-10-01
Quebec Bridge 1907,quebec bridge collapse,6,XggxeuFDaDU,Tacoma Bridge Collapse: The Wobbliest Bridge in the World? (1940) | British Pathé,British Pathé,4442421,13y ago,1:13,True,2026-10-01
Quebec Bridge 1907,quebec bridge collapse,7,1brb_FVMVZg,The Bridge That Couldn't Be Built,Worlds In Motion,4250,5mo ago,10:00,False,2026-10-01
Quebec Bridge 1907,quebec bridge collapse,8,7keyIVuGIIA,Twice Fallen: The Tragic Tale of the Quebec Bridge Collapse,Crimes & Catastrophe,829,2y ago,4:27,False,2026-10-01
Quebec Bridge 1907,quebec bridge collapse,9,I71Re9BgJcc,He Designed the Quebec Bridge From New York and Never Once Visited It (1907),Construction Legends,15290,4mo ago,35:20,False,2026-10-01
Quebec Bridge 1907,quebec bridge collapse,10,uhlVrDw0YJQ,Quebec Bridge Disaster 1907,Vana Tabrizi,3127,5y ago,4:59,False,2026-10-01
Quebec Bridge 1907,why did the quebec bridge collapse,1,e4DTMe0huXM,Ego in Engineering: The Quebec Bridge Collapse,Brick Immortar,678423,5y ago,14:48,False,2026-10-01
Quebec Bridge 1907,why did the quebec bridge collapse,2,EewOu8Ej2X8,The Bridge That Collapsed Twice: The Tragedy of the Quebec Bridge,That's Bizarre,419,1y ago,2:41,False,2026-10-01
Quebec Bridge 1907,why did the quebec bridge collapse,3,0xM-0ATxP5c,Why Did the Quebec Bridge Collapse Twice?,Engineered History,38,3w ago,7:07,True,2026-10-01
Quebec Bridge 1907,why did the quebec bridge collapse,4,gub-gSSzLlM,The Quebec Bridge Disaster: Engineering Failures,Steven the Engineer,1965,3y ago,2:41,False,2026-10-01
Quebec Bridge 1907,why did the quebec bridge collapse,5,7L0ewh5fhoE,Quebec Bridge Disaster | The Bridge that Collapsed Twice | Disaster Documentary,Mode of Horror,26690,3y ago,19:47,False,2026-10-01
Quebec Bridge 1907,why did the quebec bridge collapse,6,7keyIVuGIIA,Twice Fallen: The Tragic Tale of the Quebec Bridge Collapse,Crimes & Catastrophe,829,2y ago,4:27,False,2026-10-01
Quebec Bridge 1907,why did the quebec bridge collapse,7,nWpi780Q-Iw,The Man behind the Quebec Bridge Disaster,Tall Bridgeguy,2151,1y ago,2:52,False,2026-10-01
Quebec Bridge 1907,why did the quebec bridge collapse,8,gxHPNvX6axU,How EGO Allowed a Bridge to Fall TWICE | Disaster Documentary,Iron and Memory,2412,11mo ago,54:15,False,2026-10-01
Quebec Bridge 1907,why did the quebec bridge collapse,9,WgnPO3fk_O8,Quebec Bridge Collapse Analysis,ConstructionChannel,1718,5y ago,7:16,False,2026-10-01
Quebec Bridge 1907,why did the quebec bridge collapse,10,1brb_FVMVZg,The Bridge That Couldn't Be Built,Worlds In Motion,4250,5mo ago,10:00,False,2026-10-01
Big Dig ceiling 2006,big dig ceiling collapse,1,SxccLocBqbA,The Big Dig Ceiling Collapse: An Epoxy that took down a Tunnel Ceiling,Brendan Hasty,12301,5y ago,12:33,False,2026-10-01
Big Dig ceiling 2006,big dig ceiling collapse,2,4d1Ix0aiwtg,Big Dig Firms Settle Tunnel Collapse Lawsuit,Associated Press,1010,18y ago,1:12,False,2026-10-01
Big Dig ceiling 2006,big dig ceiling collapse,3,6NVbUZNZmbM,$28M Settlement Reached in Big Dig Death Lawsuit,Associated Press,6184,18y ago,1:13,False,2026-10-01
Big Dig ceiling 2006,big dig ceiling collapse,4,YFupMZLON38,The Big Dig Ceiling Collapse: The Tunnel Held Up by Glue (2006) | EP30,One Disaster Later,490,7d ago,5:19,False,2026-10-01
Big Dig ceiling 2006,big dig ceiling collapse,5,tXoLMmY7AoA,Boston Suspended 26 Tons of Concrete With Glue—Then the Glue Began to Creep,Industrial Empire and 3 more,800846,3w ago,17:36,False,2026-10-01
Big Dig ceiling 2006,big dig ceiling collapse,6,xiTrOv9lXcw,Boston Big Dig Collapse - Massive Engineering Mistakes - S02 EP09 - Engineering Documentary,Banijay Science,27604,2y ago,44:21,False,2026-10-01
Big Dig ceiling 2006,big dig ceiling collapse,7,JaZEfd4M4bU,The Terrible Engineering Behind Boston's $24B Big Dig Disaster,MadeFor,5901,6mo ago,7:41,False,2026-10-01
Big Dig ceiling 2006,big dig ceiling collapse,8,CQhN_Y8gSBU,The Big Dig Ceiling Collapse – Boston,Road to Ruins,182,10mo ago,10:28,False,2026-10-01
Big Dig ceiling 2006,big dig ceiling collapse,9,MuqxWNMzBp8,The Collapse of the Ceiling of a Tunnel – A Case Study (The Big Dig ceiling collapse),Engineering Materials-Tribology-Design,2633,6y ago,28:27,False,2026-10-01
Big Dig ceiling 2006,big dig ceiling collapse,10,LoOWYWPbTas,The Big Dig Ceiling Collapse: 26 Tons Fell on a Car,Aftermath — Engineering Disaster Files,28,3w ago,3:07,False,2026-10-01
Big Dig ceiling 2006,why did the big dig ceiling collapse,1,SxccLocBqbA,The Big Dig Ceiling Collapse: An Epoxy that took down a Tunnel Ceiling,Brendan Hasty,12301,5y ago,12:33,False,2026-10-01
Big Dig ceiling 2006,why did the big dig ceiling collapse,2,YFupMZLON38,The Big Dig Ceiling Collapse: The Tunnel Held Up by Glue (2006) | EP30,One Disaster Later,490,7d ago,5:19,False,2026-10-01
Big Dig ceiling 2006,why did the big dig ceiling collapse,3,JaZEfd4M4bU,The Terrible Engineering Behind Boston's $24B Big Dig Disaster,MadeFor,5901,6mo ago,7:41,False,2026-10-01
Big Dig ceiling 2006,why did the big dig ceiling collapse,4,tXoLMmY7AoA,Boston Suspended 26 Tons of Concrete With Glue—Then the Glue Began to Creep,Industrial Empire and 3 more,800846,3w ago,17:36,False,2026-10-01
Big Dig ceiling 2006,why did the big dig ceiling collapse,5,4d1Ix0aiwtg,Big Dig Firms Settle Tunnel Collapse Lawsuit,Associated Press,1010,18y ago,1:12,False,2026-10-01
Big Dig ceiling 2006,why did the big dig ceiling collapse,6,MuqxWNMzBp8,The Collapse of the Ceiling of a Tunnel – A Case Study (The Big Dig ceiling collapse),Engineering Materials-Tribology-Design,2633,6y ago,28:27,False,2026-10-01
Big Dig ceiling 2006,why did the big dig ceiling collapse,7,NrzN40IBIHo,Held by the Wrong Glue: The Big Dig Collapse,structural Failure,56,1mo ago,10:50,False,2026-10-01
Big Dig ceiling 2006,why did the big dig ceiling collapse,8,xiTrOv9lXcw,Boston Big Dig Collapse - Massive Engineering Mistakes - S02 EP09 - Engineering Documentary,Banijay Science,27604,2y ago,44:21,False,2026-10-01
Big Dig ceiling 2006,why did the big dig ceiling collapse,9,B09HRrM4Pkk,How Boston's $22B Big Dig Became America's Most Expensive Failure,Titan Megaprojects,409,4w ago,10:21,False,2026-10-01
Big Dig ceiling 2006,why did the big dig ceiling collapse,10,dmQJ1DxjPjk,America Built a $24B Road It Still Can't Afford | Boston's Big Dig,MegaBuilds,7689,1d ago,13:09,False,2026-10-01
Hyatt Regency 1981,hyatt regency walkway collapse,1,ObJHBU_LBa0,The Hyatt Regency Walkway Collapse | A Short Documentary | Fascinating Horror,Fascinating Horror,1647770,5y ago,12:13,False,2026-10-01
Hyatt Regency 1981,hyatt regency walkway collapse,2,uekCFs-vNug,Inside the Hyatt Regency Skywalk Collapse,Stewart Hicks,1190588,1y ago,13:25,False,2026-10-01
Hyatt Regency 1981,hyatt regency walkway collapse,3,VnvGwFegbC8,The Disaster That Changed Engineering: The Hyatt Regency Collapse,Tom Scott,2672820,9y ago,4:21,False,2026-10-01
Hyatt Regency 1981,hyatt regency walkway collapse,4,sath3H5Lleo,Seconds from disaster S2E14 Skywalk collapse,A normal channel,4996,1y ago,47:00,False,2026-10-01
Hyatt Regency 1981,hyatt regency walkway collapse,5,dDf9Ax6OsLo,KMBC 9 Chronicle: The Skywalk Tapes – Animation of the collapse,KMBC 9,41951,5y ago,1:10,False,2026-10-01
Hyatt Regency 1981,hyatt regency walkway collapse,6,-LqaLQkglaQ,Seconds From Disaster - Skywalk Collapse (2006),NatGeoArchive,4555,2y ago,47:15,False,2026-10-01
Hyatt Regency 1981,hyatt regency walkway collapse,7,xPdEw1LBhEw,Seconds From Disaster - S03E01 Hotel Skywalk Collapse,Rich Hysm,2681,11y ago,45:56,False,2026-10-01
Hyatt Regency 1981,hyatt regency walkway collapse,8,lXaBxX4ieFY,The Design Change That Took 114 Lives | Hyatt Walkway Collapse,Deconstructed,1121333,1y ago,9:37,False,2026-10-01
Hyatt Regency 1981,hyatt regency walkway collapse,9,jgG-gnpn0os,Fast-Tracked Failure: The Hyatt Regency Walkway Collapse,Brick Immortar,1192019,4y ago,19:44,False,2026-10-01
Hyatt Regency 1981,hyatt regency walkway collapse,10,8uWYzvu9kho,Wednesday marks 43 years since the Hyatt Skywalk collapse,KMBC 9,7727,2y ago,0:50,False,2026-10-01
Hyatt Regency 1981,why did the hyatt regency walkway collapse,1,uekCFs-vNug,Inside the Hyatt Regency Skywalk Collapse,Stewart Hicks,1190588,1y ago,13:25,False,2026-10-01
Hyatt Regency 1981,why did the hyatt regency walkway collapse,2,VnvGwFegbC8,The Disaster That Changed Engineering: The Hyatt Regency Collapse,Tom Scott,2672820,9y ago,4:21,False,2026-10-01
Hyatt Regency 1981,why did the hyatt regency walkway collapse,3,ObJHBU_LBa0,The Hyatt Regency Walkway Collapse | A Short Documentary | Fascinating Horror,Fascinating Horror,1647770,5y ago,12:13,False,2026-10-01
Hyatt Regency 1981,why did the hyatt regency walkway collapse,4,lXaBxX4ieFY,The Design Change That Took 114 Lives | Hyatt Walkway Collapse,Deconstructed,1121333,1y ago,9:37,False,2026-10-01
Hyatt Regency 1981,why did the hyatt regency walkway collapse,5,jgG-gnpn0os,Fast-Tracked Failure: The Hyatt Regency Walkway Collapse,Brick Immortar,1192019,4y ago,19:44,False,2026-10-01
Hyatt Regency 1981,why did the hyatt regency walkway collapse,6,sath3H5Lleo,Seconds from disaster S2E14 Skywalk collapse,A normal channel,5002,1y ago,47:00,False,2026-10-01
Hyatt Regency 1981,why did the hyatt regency walkway collapse,7,uIKFXMXqVt4,This Tiny Change KILLED 114 People,Mentour's Black Box and Mentour Pilot,410735,3mo ago,32:44,False,2026-10-01
Hyatt Regency 1981,why did the hyatt regency walkway collapse,8,dDf9Ax6OsLo,KMBC 9 Chronicle: The Skywalk Tapes – Animation of the collapse,KMBC 9,41951,5y ago,1:10,False,2026-10-01
Hyatt Regency 1981,why did the hyatt regency walkway collapse,9,3wA49yVbHTQ,1981 Hyatt Regency collapse: What happened and what changed,KCTV5 News,52693,2mo ago,44:09,False,2026-10-01
Hyatt Regency 1981,why did the hyatt regency walkway collapse,10,98l3Us8IU-I,Hyatt Regency Walkway Collapse: Ethics Case Study No. 4,American Society of Civil Engineers (ASCE),110736,11y ago,14:32,False,2026-10-01
Piper Alpha 1988,what caused the piper alpha disaster,1,VXZRx7sE1qc,What Caused the Giant Piper Alpha Oil Rig Explosion?,Smithsonian Channel,1070253,8y ago,3:48,True,2026-10-01
Piper Alpha 1988,what caused the piper alpha disaster,2,V894kLskChM,"Fireproof, Not Blastproof: The Piper Alpha Disaster | Fascinating Horror",Fascinating Horror,816173,3y ago,10:41,False,2026-10-01
Piper Alpha 1988,what caused the piper alpha disaster,3,CTt1RgwQKpk,Piper Alpha Disaster: The Other Oil Rig Disaster,Into the Shadows,196357,1y ago,18:55,False,2026-10-01
Piper Alpha 1988,what caused the piper alpha disaster,4,WY57k_ApMLM,The Piper Alpha Disaster (1988),Culture Of England,1308,7y ago,1:24:33,False,2026-10-01
Piper Alpha 1988,what caused the piper alpha disaster,5,vEXr3jV0hzA,The Untold Story: Piper Alpha Oil Rig Disaster Revealed,Bright Ai,12862,3y ago,5:48,False,2026-10-01
Piper Alpha 1988,what caused the piper alpha disaster,6,FacekUfi-ls,Case study: Piper Alpha disaster,SAM safety tips,1086,7y ago,8:42,False,2026-10-01
Piper Alpha 1988,what caused the piper alpha disaster,7,xY6jx-4JPdo,167 Men Died From Reasonable Decisions: Piper Alpha,Waterline Stories and 2 more,3741376,3y ago,15:05,False,2026-10-01
Piper Alpha 1988,what caused the piper alpha disaster,8,mB4iheqV764,World’s Worst Oil Rig Disaster EXPLAINED (Hour by Hour),The Infographics Show,95372,10mo ago,16:15,False,2026-10-01
Piper Alpha 1988,what caused the piper alpha disaster,9,XAGl9codd9Y,Case Study: Piper Alpha,Engineering in Motion,89213,6y ago,8:20,False,2026-10-01
Piper Alpha 1988,what caused the piper alpha disaster,10,WjH40SyWjnU,How Worker Mistakes Led to the Piper Alpha Explosion,Insights Tales,81,1y ago,4:48,False,2026-10-01
Piper Alpha 1988,piper alpha disaster,1,VXZRx7sE1qc,What Caused the Giant Piper Alpha Oil Rig Explosion?,Smithsonian Channel,1070253,8y ago,3:48,True,2026-10-01
Piper Alpha 1988,piper alpha disaster,2,63V94Q0a8DQ,Remembering the Piper Alpha disaster 38 years on,STV News,619,2mo ago,3:38,False,2026-10-01
Piper Alpha 1988,piper alpha disaster,3,Jnlcf3eBVC0,Seconds From Disaster:  Explosion of Piper Alpha oil platform - Nat-Geo Full Documentary,Disaster Documentaries,20605,2y ago,46:13,False,2026-10-01
Piper Alpha 1988,piper alpha disaster,4,V894kLskChM,"Fireproof, Not Blastproof: The Piper Alpha Disaster | Fascinating Horror",Fascinating Horror,816173,3y ago,10:41,False,2026-10-01
Piper Alpha 1988,piper alpha disaster,5,T6ZQEpWbi7c,Fire In the Night (2013) - Piper Alpha disaster 1988,CinemaLover,41401,1y ago,1:29:28,False,2026-10-01
Piper Alpha 1988,piper alpha disaster,6,Dh2VYv-2TXo,Piper Alpha Disaster | Breaking News of Lethal Explosion on North Sea Oil Rig (1988),Frontline by ITN,16977,1y ago,33:29,False,2026-10-01
Piper Alpha 1988,piper alpha disaster,7,WpafhiazQ9Q,North Sea: The Deadliest Oil Rig Disaster in History | Full Documentary,Autentic Documentary,36662,1y ago,52:08,False,2026-10-01
Piper Alpha 1988,piper alpha disaster,8,CTt1RgwQKpk,Piper Alpha Disaster: The Other Oil Rig Disaster,Into the Shadows,196357,1y ago,18:55,False,2026-10-01
Piper Alpha 1988,piper alpha disaster,9,XAGl9codd9Y,Case Study: Piper Alpha,Engineering in Motion,89213,6y ago,8:20,False,2026-10-01
Piper Alpha 1988,piper alpha disaster,10,TNcNlW4h4zs,The Darkest Night In Oil Rig History,Spds,75837,7mo ago,23:44,False,2026-10-01
Flixborough 1974,flixborough disaster,1,pfSiq7HdWfY,The Flixborough Disaster (1974) Where Did it go so Wrong? | Plainly Difficult Short Documentary,Plainly Difficult,1013459,4y ago,18:33,True,2026-10-01
Flixborough 1974,flixborough disaster,2,I0bppQg-lyk,Flixborough Disaster (1974),Oakridge Bellows Metal Expansion Joints,20429,2y ago,2:07,False,2026-10-01
Flixborough 1974,flixborough disaster,3,W6dhIXNctAc,(1974) The Flixborough Disaster: The Deadliest Engineering Mistake Ever | Documentary,Forgotten Disasters,69548,5mo ago,26:28,False,2026-10-01
Flixborough 1974,flixborough disaster,4,VnQ_pSKDG7c,Remembering the Flixborough Disaster : 50 Years On,Master of Disaster,11322,2y ago,9:53,False,2026-10-01
Flixborough 1974,flixborough disaster,5,WevjRH5fX98,Flixborough Disaster Nypro 1974,Dave Redgrift (DaveR_84),67057,16y ago,4:50,False,2026-10-01
Flixborough 1974,flixborough disaster,6,8A1xSCUtB-M,Flixborough Disaster 1974,Dave Redgrift (DaveR_84),137101,16y ago,1:07,False,2026-10-01
Flixborough 1974,flixborough disaster,7,KokuZUHLlQw,Flixborough Disaster Explained: The Temporary Fix That Failed #Flixborough  #BritishHistory,Shadow Chapters,516,5mo ago,14:11,False,2026-10-01
Flixborough 1974,flixborough disaster,8,_v3__0fq-IE,Temporary Bypass Pipe Failed - The Result Was Catastrophic (Flixborough Chemical Explosion 1974),The Raven's Eye,80527,2y ago,7:25,False,2026-10-01
Flixborough 1974,flixborough disaster,9,HOINh3mUw5g,The Flixborough Disaster,Estuary TV,23056,12y ago,20:01,False,2026-10-01
Flixborough 1974,flixborough disaster,10,ixmltp7eMJk,How One Explosion Rewrote Safety Forever - Flixborough Disaster,DAVLIN Consultancy Group,243,6mo ago,15:03,False,2026-10-01
Flixborough 1974,why did flixborough explode,1,_v3__0fq-IE,Temporary Bypass Pipe Failed - The Result Was Catastrophic (Flixborough Chemical Explosion 1974),The Raven's Eye,80527,2y ago,7:25,False,2026-10-01
Flixborough 1974,why did flixborough explode,2,pfSiq7HdWfY,The Flixborough Disaster (1974) Where Did it go so Wrong? | Plainly Difficult Short Documentary,Plainly Difficult,1013459,4y ago,18:33,True,2026-10-01
Flixborough 1974,why did flixborough explode,3,KokuZUHLlQw,Flixborough Disaster Explained: The Temporary Fix That Failed #Flixborough  #BritishHistory,Shadow Chapters,516,5mo ago,14:11,False,2026-10-01
Flixborough 1974,why did flixborough explode,4,XgW-3AQHRrQ,Flixborough: How One Explosion Invented Modern Safety,Root Cause,83,1mo ago,8:15,False,2026-10-01
Flixborough 1974,why did flixborough explode,5,I0bppQg-lyk,Flixborough Disaster (1974),Oakridge Bellows Metal Expansion Joints,20429,2y ago,2:07,False,2026-10-01
Flixborough 1974,why did flixborough explode,6,NHE81A5SV3g,"The Escalating Cascade: Anatomy of the Flixborough Disaster""",Scientific death,65,1mo ago,5:19,False,2026-10-01
Flixborough 1974,why did flixborough explode,7,W6dhIXNctAc,(1974) The Flixborough Disaster: The Deadliest Engineering Mistake Ever | Documentary,Forgotten Disasters,69548,5mo ago,26:28,False,2026-10-01
Flixborough 1974,why did flixborough explode,8,WevjRH5fX98,Flixborough Disaster Nypro 1974,Dave Redgrift (DaveR_84),67057,16y ago,4:50,False,2026-10-01
Flixborough 1974,why did flixborough explode,9,VnQ_pSKDG7c,Remembering the Flixborough Disaster : 50 Years On,Master of Disaster,11322,2y ago,9:53,False,2026-10-01
Flixborough 1974,why did flixborough explode,10,lpZBDjeyb9o,Inside Flixborough: The Chemical Plant Explosion That Shattered British Industry,Once Made,670,5mo ago,1:00:03,False,2026-10-01
